{
  "version": 3,
  "targets": {
    ".NETFramework,Version=v4.6.1": {
      "AForge/2.2.5": {
        "type": "package",
        "compile": {
          "lib/_._": {}
        },
        "runtime": {
          "lib/AForge.dll": {}
        }
      },
      "AForge.Genetic/2.2.5": {
        "type": "package",
        "dependencies": {
          "AForge": "2.2.5",
          "AForge.Math": "2.2.5"
        },
        "compile": {
          "lib/_._": {}
        },
        "runtime": {
          "lib/AForge.Genetic.dll": {}
        }
      },
      "AForge.Imaging/2.2.5": {
        "type": "package",
        "dependencies": {
          "AForge": "2.2.5",
          "AForge.Math": "2.2.5"
        },
        "compile": {
          "lib/_._": {}
        },
        "runtime": {
          "lib/AForge.Imaging.dll": {}
        }
      },
      "AForge.Math/2.2.5": {
        "type": "package",
        "dependencies": {
          "AForge": "2.2.5"
        },
        "compile": {
          "lib/_._": {}
        },
        "runtime": {
          "lib/AForge.Math.dll": {}
        }
      },
      "AForge.Neuro/2.2.5": {
        "type": "package",
        "dependencies": {
          "AForge": "2.2.5",
          "AForge.Genetic": "2.2.5",
          "AForge.Math": "2.2.5"
        },
        "compile": {
          "lib/_._": {}
        },
        "runtime": {
          "lib/AForge.Neuro.dll": {}
        }
      },
      "AvalonEdit/5.0.3": {
        "type": "package",
        "compile": {
          "lib/Net40/_._": {}
        },
        "runtime": {
          "lib/Net40/ICSharpCode.AvalonEdit.dll": {}
        }
      },
      "BalaReva.Pdf.Activities/2019.1.0": {
        "type": "package",
        "compile": {
          "lib/_._": {}
        },
        "runtime": {
          "lib/BalaReva.PDF.Design.dll": {},
          "lib/BalaReva.PDF2.dll": {},
          "lib/itextsharp.dll": {}
        }
      },
      "BitMiracle.Docotic.Pdf/5.2.8369": {
        "type": "package",
        "compile": {
          "lib/net40/_._": {}
        },
        "runtime": {
          "lib/net40/BitMiracle.Docotic.Pdf.dll": {}
        }
      },
      "BouncyCastle/1.8.1": {
        "type": "package",
        "compile": {
          "lib/_._": {}
        },
        "runtime": {
          "lib/BouncyCastle.Crypto.dll": {}
        }
      },
      "Caliburn.Micro/3.0.1": {
        "type": "package",
        "dependencies": {
          "Caliburn.Micro.Core": "[3.0.1]"
        },
        "compile": {
          "lib/net45/_._": {}
        },
        "runtime": {
          "lib/net45/Caliburn.Micro.Platform.Core.dll": {},
          "lib/net45/Caliburn.Micro.Platform.dll": {},
          "lib/net45/System.Windows.Interactivity.dll": {}
        }
      },
      "Caliburn.Micro.Core/3.0.1": {
        "type": "package",
        "compile": {
          "lib/net45/_._": {}
        },
        "runtime": {
          "lib/net45/Caliburn.Micro.dll": {}
        }
      },
      "ClosedXML/0.87.1": {
        "type": "package",
        "dependencies": {
          "DocumentFormat.OpenXml": "2.5.0"
        },
        "compile": {
          "lib/net40/_._": {}
        },
        "runtime": {
          "lib/net40/ClosedXML.dll": {}
        }
      },
      "ComponentPro.Excel/7.0.226.143": {
        "type": "package",
        "compile": {
          "lib/net40/_._": {}
        },
        "runtime": {
          "lib/net40/ComponentPro.Excel.dll": {}
        }
      },
      "ComponentPro.ExcelToPdf/7.0.226.143": {
        "type": "package",
        "dependencies": {
          "ComponentPro.Excel": "7.0.226.143",
          "ComponentPro.Pdf": "7.0.226.143"
        },
        "compile": {
          "lib/net40/_._": {}
        },
        "runtime": {
          "lib/net40/ComponentPro.ExcelToPdf.dll": {}
        }
      },
      "ComponentPro.Pdf/7.0.226.143": {
        "type": "package",
        "compile": {
          "lib/net40/_._": {}
        },
        "runtime": {
          "lib/net40/ComponentPro.Pdf.dll": {}
        }
      },
      "CsvHelper/2.13.5": {
        "type": "package",
        "compile": {
          "lib/net40-client/_._": {}
        },
        "runtime": {
          "lib/net40-client/CsvHelper.dll": {}
        }
      },
      "DocumentFormat.OpenXml/2.5.0": {
        "type": "package",
        "compile": {
          "lib/_._": {}
        },
        "runtime": {
          "lib/DocumentFormat.OpenXml.dll": {}
        }
      },
      "EvoPdf.ExcelToPdf/7.1.0": {
        "type": "package",
        "compile": {
          "lib/net40/_._": {}
        },
        "runtime": {
          "lib/net40/evoexceltopdf.dll": {}
        }
      },
      "ExceltoPDFConversionActivities/1.1.6": {
        "type": "package",
        "compile": {
          "lib/_._": {}
        },
        "runtime": {
          "lib/ExceltoPDFConversion.dll": {}
        }
      },
      "Extended.Wpf.Toolkit/2.8.0": {
        "type": "package",
        "frameworkAssemblies": [
          "PresentationCore",
          "PresentationFramework",
          "System",
          "System.Xaml",
          "WindowsBase"
        ],
        "compile": {
          "lib/net40/_._": {}
        },
        "runtime": {
          "lib/net40/Xceed.Wpf.AvalonDock.Themes.Aero.dll": {},
          "lib/net40/Xceed.Wpf.AvalonDock.Themes.Metro.dll": {},
          "lib/net40/Xceed.Wpf.AvalonDock.Themes.VS2010.dll": {},
          "lib/net40/Xceed.Wpf.AvalonDock.dll": {},
          "lib/net40/Xceed.Wpf.DataGrid.dll": {},
          "lib/net40/Xceed.Wpf.Toolkit.dll": {}
        },
        "resource": {
          "lib/net40/de/Xceed.Wpf.AvalonDock.resources.dll": {
            "locale": "de"
          },
          "lib/net40/es/Xceed.Wpf.AvalonDock.resources.dll": {
            "locale": "es"
          },
          "lib/net40/fr/Xceed.Wpf.AvalonDock.resources.dll": {
            "locale": "fr"
          },
          "lib/net40/hu/Xceed.Wpf.AvalonDock.resources.dll": {
            "locale": "hu"
          },
          "lib/net40/it/Xceed.Wpf.AvalonDock.resources.dll": {
            "locale": "it"
          },
          "lib/net40/pt-BR/Xceed.Wpf.AvalonDock.resources.dll": {
            "locale": "pt-BR"
          },
          "lib/net40/ro/Xceed.Wpf.AvalonDock.resources.dll": {
            "locale": "ro"
          },
          "lib/net40/ru/Xceed.Wpf.AvalonDock.resources.dll": {
            "locale": "ru"
          },
          "lib/net40/sv/Xceed.Wpf.AvalonDock.resources.dll": {
            "locale": "sv"
          },
          "lib/net40/zh-Hans/Xceed.Wpf.AvalonDock.resources.dll": {
            "locale": "zh-Hans"
          }
        }
      },
      "FSharp.Core/4.0.0.1": {
        "type": "package",
        "compile": {
          "lib/net40/_._": {}
        },
        "runtime": {
          "lib/net40/FSharp.Core.dll": {}
        }
      },
      "Humanizer.Core/2.4.2": {
        "type": "package",
        "compile": {
          "lib/netstandard2.0/_._": {}
        },
        "runtime": {
          "lib/netstandard2.0/Humanizer.dll": {}
        }
      },
      "iTextSharp/5.5.13": {
        "type": "package",
        "compile": {
          "lib/_._": {}
        },
        "runtime": {
          "lib/itextsharp.dll": {}
        }
      },
      "IvanAkcheurov.NTextCat.Lib/0.2.1.1": {
        "type": "package",
        "compile": {
          "lib/net40/_._": {}
        },
        "runtime": {
          "lib/net40/IvanAkcheurov.Commons.dll": {},
          "lib/net40/IvanAkcheurov.NClassify.dll": {},
          "lib/net40/IvanAkcheurov.NTextCat.Lib.dll": {}
        }
      },
      "MathNet.Numerics/4.5.1": {
        "type": "package",
        "frameworkAssemblies": [
          "System",
          "System.Core",
          "System.Numerics",
          "System.Runtime.Serialization"
        ],
        "compile": {
          "lib/net461/_._": {}
        },
        "runtime": {
          "lib/net461/MathNet.Numerics.dll": {}
        }
      },
      "Metrics.NET/0.5.5": {
        "type": "package",
        "compile": {
          "lib/net45/_._": {}
        },
        "runtime": {
          "lib/net45/Metrics.dll": {}
        }
      },
      "Microsoft.Exchange.WebServices/2.2.0": {
        "type": "package",
        "compile": {
          "lib/40/_._": {}
        },
        "runtime": {
          "lib/40/Microsoft.Exchange.WebServices.Auth.dll": {},
          "lib/40/Microsoft.Exchange.WebServices.dll": {}
        }
      },
      "Microsoft.Rest.ClientRuntime/2.3.10": {
        "type": "package",
        "dependencies": {
          "Newtonsoft.Json": "6.0.8"
        },
        "compile": {
          "lib/net452/_._": {}
        },
        "runtime": {
          "lib/net452/Microsoft.Rest.ClientRuntime.dll": {}
        }
      },
      "Microsoft.VisualStudio.OLE.Interop/7.10.6071": {
        "type": "package",
        "compile": {
          "lib/_._": {}
        },
        "runtime": {
          "lib/Microsoft.VisualStudio.OLE.Interop.dll": {}
        }
      },
      "Microsoft.Xaml.Behaviors.Wpf/1.0.1": {
        "type": "package",
        "compile": {
          "lib/net45/_._": {}
        },
        "runtime": {
          "lib/net45/Microsoft.Xaml.Behaviors.dll": {}
        }
      },
      "Newtonsoft.Json/11.0.2": {
        "type": "package",
        "compile": {
          "lib/net45/_._": {}
        },
        "runtime": {
          "lib/net45/Newtonsoft.Json.dll": {}
        }
      },
      "NPOI/2.4.1": {
        "type": "package",
        "dependencies": {
          "SharpZipLib": "1.0.0"
        },
        "compile": {
          "lib/net45/_._": {}
        },
        "runtime": {
          "lib/net45/NPOI.OOXML.dll": {},
          "lib/net45/NPOI.OpenXml4Net.dll": {},
          "lib/net45/NPOI.OpenXmlFormats.dll": {},
          "lib/net45/NPOI.dll": {}
        }
      },
      "Numsense/0.12.0": {
        "type": "package",
        "dependencies": {
          "FSharp.Core": "4.0.0.1"
        },
        "compile": {
          "lib/net45/_._": {}
        },
        "runtime": {
          "lib/net45/Ploeh.Numsense.dll": {}
        }
      },
      "PDFsharp/1.50.4845-RC2a": {
        "type": "package",
        "frameworkAssemblies": [
          "System.Drawing"
        ],
        "compile": {
          "lib/net20/_._": {}
        },
        "runtime": {
          "lib/net20/PdfSharp.Charting.dll": {},
          "lib/net20/PdfSharp.dll": {}
        },
        "resource": {
          "lib/net20/de/PdfSharp.Charting.resources.dll": {
            "locale": "de"
          },
          "lib/net20/de/PdfSharp.resources.dll": {
            "locale": "de"
          }
        }
      },
      "PDF_Activities/1.0.2": {
        "type": "package",
        "dependencies": {
          "iTextSharp": "5.5.13"
        },
        "compile": {
          "lib/_._": {}
        },
        "runtime": {
          "lib/pdfLibrary.dll": {}
        }
      },
      "sautinsoft.exceltopdf/5.1.5.22": {
        "type": "package",
        "compile": {
          "lib/net461/_._": {}
        },
        "runtime": {
          "lib/net461/SautinSoft.ExcelToPdf.dll": {}
        }
      },
      "SharpZipLib/1.0.0": {
        "type": "package",
        "compile": {
          "lib/net45/_._": {}
        },
        "runtime": {
          "lib/net45/ICSharpCode.SharpZipLib.dll": {}
        }
      },
      "System.Collections.Immutable/1.5.0": {
        "type": "package",
        "compile": {
          "lib/netstandard2.0/_._": {}
        },
        "runtime": {
          "lib/netstandard2.0/System.Collections.Immutable.dll": {}
        }
      },
      "System.Runtime.InteropServices.RuntimeInformation/4.3.0": {
        "type": "package",
        "compile": {
          "ref/netstandard1.1/_._": {}
        },
        "runtime": {
          "lib/net45/System.Runtime.InteropServices.RuntimeInformation.dll": {}
        },
        "runtimeTargets": {
          "runtimes/unix/lib/netstandard1.1/System.Runtime.InteropServices.RuntimeInformation.dll": {
            "assetType": "runtime",
            "rid": "unix"
          },
          "runtimes/win/lib/net45/System.Runtime.InteropServices.RuntimeInformation.dll": {
            "assetType": "runtime",
            "rid": "win"
          }
        }
      },
      "System.ValueTuple/4.5.0": {
        "type": "package",
        "frameworkAssemblies": [
          "System",
          "mscorlib"
        ],
        "compile": {
          "ref/net461/_._": {}
        },
        "runtime": {
          "lib/net461/System.ValueTuple.dll": {}
        }
      },
      "UiPath/10.0.6929.25268": {
        "type": "package",
        "compile": {
          "lib/_._": {}
        },
        "runtime": {
          "lib/UiPath.Interop.dll": {}
        },
        "build": {
          "build/_._": {}
        }
      },
      "UiPath.CefSharpBundle/1.0.1": {
        "type": "package",
        "compile": {
          "lib/net452/_._": {}
        },
        "runtime": {
          "lib/net452/CefSharp.Core.dll": {},
          "lib/net452/CefSharp.Wpf.dll": {},
          "lib/net452/CefSharp.dll": {}
        },
        "build": {
          "build/_._": {}
        }
      },
      "UiPath.Database.Activities/1.2.6863.32528": {
        "type": "package",
        "compile": {
          "lib/net40-Client/_._": {}
        },
        "runtime": {
          "lib/net40-Client/Microsoft.Data.ConnectionUI.Dialog.dll": {},
          "lib/net40-Client/UiPath.Database.Activities.Design.dll": {},
          "lib/net40-Client/UiPath.Database.Activities.dll": {},
          "lib/net40-Client/UiPath.Database.dll": {}
        },
        "resource": {
          "lib/net40-Client/de/UiPath.Database.Activities.Design.resources.dll": {
            "locale": "de"
          },
          "lib/net40-Client/de/UiPath.Database.Activities.resources.dll": {
            "locale": "de"
          },
          "lib/net40-Client/de/UiPath.Database.resources.dll": {
            "locale": "de"
          },
          "lib/net40-Client/fr/UiPath.Database.Activities.Design.resources.dll": {
            "locale": "fr"
          },
          "lib/net40-Client/fr/UiPath.Database.Activities.resources.dll": {
            "locale": "fr"
          },
          "lib/net40-Client/fr/UiPath.Database.resources.dll": {
            "locale": "fr"
          },
          "lib/net40-Client/ja/UiPath.Database.Activities.Design.resources.dll": {
            "locale": "ja"
          },
          "lib/net40-Client/ja/UiPath.Database.Activities.resources.dll": {
            "locale": "ja"
          },
          "lib/net40-Client/ja/UiPath.Database.resources.dll": {
            "locale": "ja"
          }
        }
      },
      "UiPath.DocumentProcessing.Contracts/1.1.0": {
        "type": "package",
        "dependencies": {
          "Newtonsoft.Json": "11.0.2"
        },
        "compile": {
          "lib/net461/_._": {}
        },
        "runtime": {
          "lib/net461/UiPath.DocumentProcessing.Contracts.dll": {}
        }
      },
      "UiPath.Excel.Activities/2.6.1": {
        "type": "package",
        "dependencies": {
          "ClosedXML": "0.87.1",
          "CsvHelper": "2.13.5",
          "DocumentFormat.OpenXml": "2.5.0",
          "Microsoft.VisualStudio.OLE.Interop": "7.10.6071",
          "NPOI": "2.4.1",
          "SharpZipLib": "1.0.0"
        },
        "compile": {
          "lib/net461/_._": {}
        },
        "runtime": {
          "lib/net461/UiPath.Excel.Activities.Design.dll": {},
          "lib/net461/UiPath.Excel.Activities.dll": {},
          "lib/net461/UiPath.Excel.dll": {}
        },
        "resource": {
          "lib/net461/fr/UiPath.Excel.Activities.Design.resources.dll": {
            "locale": "fr"
          },
          "lib/net461/fr/UiPath.Excel.Activities.resources.dll": {
            "locale": "fr"
          },
          "lib/net461/fr/UiPath.Excel.resources.dll": {
            "locale": "fr"
          },
          "lib/net461/ja/UiPath.Excel.Activities.Design.resources.dll": {
            "locale": "ja"
          },
          "lib/net461/ja/UiPath.Excel.Activities.resources.dll": {
            "locale": "ja"
          },
          "lib/net461/ja/UiPath.Excel.resources.dll": {
            "locale": "ja"
          },
          "lib/net461/ru/UiPath.Excel.Activities.Design.resources.dll": {
            "locale": "ru"
          },
          "lib/net461/ru/UiPath.Excel.Activities.resources.dll": {
            "locale": "ru"
          },
          "lib/net461/ru/UiPath.Excel.resources.dll": {
            "locale": "ru"
          }
        }
      },
      "UiPath.IntelligentOCR.Activities/2.1.0": {
        "type": "package",
        "dependencies": {
          "AForge.Imaging": "2.2.5",
          "AForge.Neuro": "2.2.5",
          "BitMiracle.Docotic.Pdf": "5.2.8369",
          "CsvHelper": "2.13.5",
          "IvanAkcheurov.NTextCat.Lib": "0.2.1.1",
          "MathNet.Numerics": "4.5.1",
          "Metrics.NET": "0.5.5",
          "Microsoft.Xaml.Behaviors.Wpf": "1.0.1",
          "Numsense": "0.12.0",
          "System.Collections.Immutable": "1.5.0",
          "System.Runtime.InteropServices.RuntimeInformation": "4.3.0",
          "System.ValueTuple": "4.5.0",
          "UiPath.CefSharpBundle": "1.0.1",
          "UiPath.DocumentProcessing.Contracts": "1.1.0",
          "UiPath.OCR.Contracts": "1.0.0",
          "UiPath.Vision": "1.6.0"
        },
        "compile": {
          "lib/net461/_._": {}
        },
        "runtime": {
          "lib/net461/FCEngine.VisualComponents.dll": {},
          "lib/net461/Interop.FCEngine.dll": {},
          "lib/net461/UiPath.IntelligentOCR.Activities.Design.dll": {},
          "lib/net461/UiPath.IntelligentOCR.Activities.dll": {},
          "lib/net461/UiPath.IntelligentOCR.dll": {},
          "lib/net461/UiPath.SmartData.Data.dll": {},
          "lib/net461/UiPath.SmartData.Digitization.dll": {},
          "lib/net461/UiPath.SmartData.DocumentClassification.dll": {},
          "lib/net461/UiPath.SmartData.FixedForms.TemplateManager.VSIntegration.dll": {},
          "lib/net461/UiPath.SmartData.FixedForms.TemplateManager.exe": {},
          "lib/net461/UiPath.SmartData.FixedForms.dll": {},
          "lib/net461/UiPath.SmartData.Host.Local.Infrastructure.dll": {},
          "lib/net461/UiPath.SmartData.ImageProcessing.dll": {},
          "lib/net461/UiPath.SmartData.Language.dll": {},
          "lib/net461/UiPath.SmartData.Localization.dll": {},
          "lib/net461/UiPath.SmartData.OCR.dll": {},
          "lib/net461/UiPath.SmartData.OutOfProcessUi.Common.dll": {},
          "lib/net461/UiPath.SmartData.OutOfProcessUi.Host.WCF.exe": {},
          "lib/net461/UiPath.SmartData.PDF.dll": {},
          "lib/net461/UiPath.SmartData.TableProcessing.dll": {},
          "lib/net461/UiPath.SmartData.TaxonomyManager.Host.Local.dll": {},
          "lib/net461/UiPath.SmartData.TaxonomyManager.Storage.dll": {},
          "lib/net461/UiPath.SmartData.TaxonomyManager.dll": {},
          "lib/net461/UiPath.SmartData.Utils.dll": {},
          "lib/net461/UiPath.SmartData.ValidationStation.Host.Local.dll": {},
          "lib/net461/UiPath.SmartData.ValidationStation.PDF.Optimization.dll": {},
          "lib/net461/UiPath.SmartData.ValidationStation.Storage.dll": {},
          "lib/net461/UiPath.SmartData.ValidationStation.ValueParsing.dll": {},
          "lib/net461/UiPath.SmartData.ValidationStation.dll": {}
        },
        "resource": {
          "lib/net461/fr/UiPath.IntelligentOCR.Activities.Design.resources.dll": {
            "locale": "fr"
          },
          "lib/net461/fr/UiPath.IntelligentOCR.Activities.resources.dll": {
            "locale": "fr"
          },
          "lib/net461/fr/UiPath.IntelligentOCR.resources.dll": {
            "locale": "fr"
          },
          "lib/net461/fr/UiPath.SmartData.FixedForms.TemplateManager.VSIntegration.resources.dll": {
            "locale": "fr"
          },
          "lib/net461/fr/UiPath.SmartData.FixedForms.TemplateManager.resources.dll": {
            "locale": "fr"
          },
          "lib/net461/fr/UiPath.SmartData.Host.Local.Infrastructure.resources.dll": {
            "locale": "fr"
          },
          "lib/net461/fr/UiPath.SmartData.TaxonomyManager.Host.Local.resources.dll": {
            "locale": "fr"
          },
          "lib/net461/fr/UiPath.SmartData.TaxonomyManager.resources.dll": {
            "locale": "fr"
          },
          "lib/net461/fr/UiPath.SmartData.Utils.resources.dll": {
            "locale": "fr"
          },
          "lib/net461/fr/UiPath.SmartData.ValidationStation.Host.Local.resources.dll": {
            "locale": "fr"
          },
          "lib/net461/fr/UiPath.SmartData.ValidationStation.resources.dll": {
            "locale": "fr"
          },
          "lib/net461/ja/UiPath.IntelligentOCR.Activities.Design.resources.dll": {
            "locale": "ja"
          },
          "lib/net461/ja/UiPath.IntelligentOCR.Activities.resources.dll": {
            "locale": "ja"
          },
          "lib/net461/ja/UiPath.IntelligentOCR.resources.dll": {
            "locale": "ja"
          },
          "lib/net461/ja/UiPath.SmartData.FixedForms.TemplateManager.VSIntegration.resources.dll": {
            "locale": "ja"
          },
          "lib/net461/ja/UiPath.SmartData.FixedForms.TemplateManager.resources.dll": {
            "locale": "ja"
          },
          "lib/net461/ja/UiPath.SmartData.Host.Local.Infrastructure.resources.dll": {
            "locale": "ja"
          },
          "lib/net461/ja/UiPath.SmartData.TaxonomyManager.Host.Local.resources.dll": {
            "locale": "ja"
          },
          "lib/net461/ja/UiPath.SmartData.TaxonomyManager.resources.dll": {
            "locale": "ja"
          },
          "lib/net461/ja/UiPath.SmartData.Utils.resources.dll": {
            "locale": "ja"
          },
          "lib/net461/ja/UiPath.SmartData.ValidationStation.Host.Local.resources.dll": {
            "locale": "ja"
          },
          "lib/net461/ja/UiPath.SmartData.ValidationStation.resources.dll": {
            "locale": "ja"
          },
          "lib/net461/ru/UiPath.IntelligentOCR.Activities.Design.resources.dll": {
            "locale": "ru"
          },
          "lib/net461/ru/UiPath.IntelligentOCR.Activities.resources.dll": {
            "locale": "ru"
          },
          "lib/net461/ru/UiPath.IntelligentOCR.resources.dll": {
            "locale": "ru"
          },
          "lib/net461/ru/UiPath.SmartData.FixedForms.TemplateManager.VSIntegration.resources.dll": {
            "locale": "ru"
          },
          "lib/net461/ru/UiPath.SmartData.FixedForms.TemplateManager.resources.dll": {
            "locale": "ru"
          },
          "lib/net461/ru/UiPath.SmartData.Host.Local.Infrastructure.resources.dll": {
            "locale": "ru"
          },
          "lib/net461/ru/UiPath.SmartData.TaxonomyManager.Host.Local.resources.dll": {
            "locale": "ru"
          },
          "lib/net461/ru/UiPath.SmartData.TaxonomyManager.resources.dll": {
            "locale": "ru"
          },
          "lib/net461/ru/UiPath.SmartData.Utils.resources.dll": {
            "locale": "ru"
          },
          "lib/net461/ru/UiPath.SmartData.ValidationStation.Host.Local.resources.dll": {
            "locale": "ru"
          },
          "lib/net461/ru/UiPath.SmartData.ValidationStation.resources.dll": {
            "locale": "ru"
          }
        }
      },
      "UiPath.Mail.Activities/1.3.0": {
        "type": "package",
        "dependencies": {
          "BouncyCastle": "1.8.1",
          "Microsoft.Exchange.WebServices": "2.2.0"
        },
        "compile": {
          "lib/net452/_._": {}
        },
        "runtime": {
          "lib/net452/MailKit.dll": {},
          "lib/net452/MimeKit.dll": {},
          "lib/net452/UiPath.Mail.Activities.Design.dll": {},
          "lib/net452/UiPath.Mail.Activities.dll": {},
          "lib/net452/UiPath.Mail.dll": {}
        },
        "resource": {
          "lib/net452/fr/UiPath.Mail.Activities.Design.resources.dll": {
            "locale": "fr"
          },
          "lib/net452/fr/UiPath.Mail.Activities.resources.dll": {
            "locale": "fr"
          },
          "lib/net452/fr/UiPath.Mail.resources.dll": {
            "locale": "fr"
          },
          "lib/net452/ja/UiPath.Mail.Activities.Design.resources.dll": {
            "locale": "ja"
          },
          "lib/net452/ja/UiPath.Mail.Activities.resources.dll": {
            "locale": "ja"
          },
          "lib/net452/ja/UiPath.Mail.resources.dll": {
            "locale": "ja"
          },
          "lib/net452/ru/UiPath.Mail.Activities.Design.resources.dll": {
            "locale": "ru"
          },
          "lib/net452/ru/UiPath.Mail.Activities.resources.dll": {
            "locale": "ru"
          },
          "lib/net452/ru/UiPath.Mail.resources.dll": {
            "locale": "ru"
          }
        }
      },
      "UiPath.OCR.Contracts/1.0.0": {
        "type": "package",
        "compile": {
          "lib/net45/_._": {}
        },
        "runtime": {
          "lib/net45/UiPath.OCR.Contracts.dll": {}
        }
      },
      "UiPath.PDF.Activities/2.0.0": {
        "type": "package",
        "dependencies": {
          "BitMiracle.Docotic.Pdf": "5.2.8369",
          "System.ValueTuple": "4.5.0"
        },
        "compile": {
          "lib/net461/_._": {}
        },
        "runtime": {
          "lib/net461/UiPath.PDF.Activities.Design.dll": {},
          "lib/net461/UiPath.PDF.Activities.dll": {},
          "lib/net461/UiPath.PDF.dll": {}
        },
        "resource": {
          "lib/net461/fr/UiPath.PDF.Activities.Design.resources.dll": {
            "locale": "fr"
          },
          "lib/net461/fr/UiPath.PDF.Activities.resources.dll": {
            "locale": "fr"
          },
          "lib/net461/fr/UiPath.PDF.resources.dll": {
            "locale": "fr"
          },
          "lib/net461/ja/UiPath.PDF.Activities.Design.resources.dll": {
            "locale": "ja"
          },
          "lib/net461/ja/UiPath.PDF.Activities.resources.dll": {
            "locale": "ja"
          },
          "lib/net461/ja/UiPath.PDF.resources.dll": {
            "locale": "ja"
          },
          "lib/net461/ru/UiPath.PDF.Activities.Design.resources.dll": {
            "locale": "ru"
          },
          "lib/net461/ru/UiPath.PDF.Activities.resources.dll": {
            "locale": "ru"
          },
          "lib/net461/ru/UiPath.PDF.resources.dll": {
            "locale": "ru"
          }
        }
      },
      "UiPath.System.Activities/18.4.2": {
        "type": "package",
        "dependencies": {
          "CsvHelper": "2.13.5",
          "Microsoft.Rest.ClientRuntime": "2.3.10",
          "Newtonsoft.Json": "10.0.3"
        },
        "compile": {
          "lib/net461/_._": {}
        },
        "runtime": {
          "lib/net461/ActiproSoftware.Docking.Wpf.dll": {},
          "lib/net461/ActiproSoftware.Ribbon.Wpf.dll": {},
          "lib/net461/ActiproSoftware.Shared.Wpf.dll": {},
          "lib/net461/ActiproSoftware.SyntaxEditor.Addons.DotNet.Wpf.dll": {},
          "lib/net461/ActiproSoftware.SyntaxEditor.Wpf.dll": {},
          "lib/net461/ActiproSoftware.Text.Addons.DotNet.Wpf.dll": {},
          "lib/net461/ActiproSoftware.Text.LLParser.Wpf.dll": {},
          "lib/net461/ActiproSoftware.Text.Wpf.dll": {},
          "lib/net461/ActiproSoftware.Wizard.Wpf.dll": {},
          "lib/net461/UiPath.OrchestratorClient.dll": {},
          "lib/net461/UiPath.System.Activities.Design.dll": {},
          "lib/net461/UiPath.System.Activities.dll": {}
        },
        "resource": {
          "lib/net461/fr/UiPath.System.Activities.Design.resources.dll": {
            "locale": "fr"
          },
          "lib/net461/fr/UiPath.System.Activities.resources.dll": {
            "locale": "fr"
          },
          "lib/net461/ja/UiPath.System.Activities.Design.resources.dll": {
            "locale": "ja"
          },
          "lib/net461/ja/UiPath.System.Activities.resources.dll": {
            "locale": "ja"
          },
          "lib/net461/ru/UiPath.System.Activities.Design.resources.dll": {
            "locale": "ru"
          },
          "lib/net461/ru/UiPath.System.Activities.resources.dll": {
            "locale": "ru"
          }
        }
      },
      "UiPath.UIAutomation.Activities/18.4.3": {
        "type": "package",
        "dependencies": {
          "AvalonEdit": "5.0.3",
          "Caliburn.Micro": "3.0.1",
          "Extended.Wpf.Toolkit": "2.8.0",
          "Humanizer.Core": "2.4.2",
          "UiPath": "10.0.6929.25268",
          "UiPath.Vision": "1.2.0"
        },
        "compile": {
          "lib/net461/_._": {}
        },
        "runtime": {
          "lib/net461/ActiproSoftware.Docking.Wpf.dll": {},
          "lib/net461/ActiproSoftware.Editors.Wpf.dll": {},
          "lib/net461/ActiproSoftware.Ribbon.Wpf.dll": {},
          "lib/net461/ActiproSoftware.Shared.Wpf.dll": {},
          "lib/net461/ActiproSoftware.SyntaxEditor.Addons.DotNet.Wpf.dll": {},
          "lib/net461/ActiproSoftware.SyntaxEditor.Wpf.dll": {},
          "lib/net461/ActiproSoftware.Text.Addons.DotNet.Wpf.dll": {},
          "lib/net461/ActiproSoftware.Text.LLParser.Wpf.dll": {},
          "lib/net461/ActiproSoftware.Text.Wpf.dll": {},
          "lib/net461/ActiproSoftware.Wizard.Wpf.dll": {},
          "lib/net461/UiPath.UIAutomation.Activities.Design.dll": {},
          "lib/net461/UiPath.UiAutomation.Activities.dll": {},
          "lib/net461/UiPath.Wizards.dll": {}
        },
        "resource": {
          "lib/net461/fr/UiPath.UIAutomation.Activities.Design.resources.dll": {
            "locale": "fr"
          },
          "lib/net461/fr/UiPath.UiAutomation.Activities.resources.dll": {
            "locale": "fr"
          },
          "lib/net461/fr/UiPath.Wizards.resources.dll": {
            "locale": "fr"
          },
          "lib/net461/ja/UiPath.UIAutomation.Activities.Design.resources.dll": {
            "locale": "ja"
          },
          "lib/net461/ja/UiPath.UiAutomation.Activities.resources.dll": {
            "locale": "ja"
          },
          "lib/net461/ja/UiPath.Wizards.resources.dll": {
            "locale": "ja"
          },
          "lib/net461/ru/UiPath.UIAutomation.Activities.Design.resources.dll": {
            "locale": "ru"
          },
          "lib/net461/ru/UiPath.UiAutomation.Activities.resources.dll": {
            "locale": "ru"
          },
          "lib/net461/ru/UiPath.Wizards.resources.dll": {
            "locale": "ru"
          }
        }
      },
      "UiPath.Vision/1.6.0": {
        "type": "package",
        "compile": {
          "lib/net452/_._": {}
        },
        "runtime": {
          "lib/net452/UiPath.Vision.Core.dll": {},
          "lib/net452/UiPath.Vision.dll": {}
        }
      },
      "UiPathTeam.PDF.Extensions.Activities/2.3.0": {
        "type": "package",
        "dependencies": {
          "PDFsharp": "1.50.4845-RC2a"
        },
        "compile": {
          "lib/_._": {}
        },
        "runtime": {
          "lib/UiPathTeam.PDF.Extensions.Activities.dll": {}
        }
      }
    }
  },
  "libraries": {
    "AForge/2.2.5": {
      "sha512": "clkumhM9DggqIzEXAHgVLeWO4arG5YfoPr7J4jfjJx35AoeEIJSSm49J25bwp/9mXQYLwi7y1Wunc8qgYJsGxg==",
      "type": "package",
      "path": "aforge/2.2.5",
      "files": [
        "aforge.2.2.5.nupkg.sha512",
        "aforge.nuspec",
        "lib/AForge.dll",
        "lib/AForge.xml"
      ]
    },
    "AForge.Genetic/2.2.5": {
      "sha512": "vvTs2HsLmRQ7jdcyOa7ePpYdGsn8jLHBmA7d1zemDMwHyxDK3bBco9TooH/nwkpmzag2puZQB71hj5V9DtVf9w==",
      "type": "package",
      "path": "aforge.genetic/2.2.5",
      "files": [
        "aforge.genetic.2.2.5.nupkg.sha512",
        "aforge.genetic.nuspec",
        "lib/AForge.Genetic.dll",
        "lib/AForge.Genetic.xml"
      ]
    },
    "AForge.Imaging/2.2.5": {
      "sha512": "n8l7Zdsm89EFW9Uz4uCO3D428Gu4Q56YxixSMJPruen1c30R8R9Mm8AreTdoOi2XjN5id04JwFFlXYTk8pIIfw==",
      "type": "package",
      "path": "aforge.imaging/2.2.5",
      "files": [
        "aforge.imaging.2.2.5.nupkg.sha512",
        "aforge.imaging.nuspec",
        "lib/AForge.Imaging.dll",
        "lib/AForge.Imaging.xml"
      ]
    },
    "AForge.Math/2.2.5": {
      "sha512": "pmT1WobVv13vMxwXhCu8sRunxjiUHyURWS0+dsW/aBPi06xiyYIdCLHI6jph9Axb4QoLIlb85eBI6zd2EAbGIg==",
      "type": "package",
      "path": "aforge.math/2.2.5",
      "files": [
        "aforge.math.2.2.5.nupkg.sha512",
        "aforge.math.nuspec",
        "lib/AForge.Math.dll",
        "lib/AForge.Math.xml"
      ]
    },
    "AForge.Neuro/2.2.5": {
      "sha512": "eoVtFneS0JrK9PlaqwwAAcA7j92ke+3DCoXAHTHA+KatRki51d5inwyzah/jCF5Pz6b3r0vglkh4IGZ/La2yWg==",
      "type": "package",
      "path": "aforge.neuro/2.2.5",
      "files": [
        "aforge.neuro.2.2.5.nupkg.sha512",
        "aforge.neuro.nuspec",
        "lib/AForge.Neuro.dll",
        "lib/AForge.Neuro.xml"
      ]
    },
    "AvalonEdit/5.0.3": {
      "sha512": "O7qf3H3SP2VrQujwmzvb3hJ+lw4rNWcZkpMH8T0qb/cA1UccoJIZ9qL/+DM7bws9l8Hxnyk7GUYVFrCSZeH+uA==",
      "type": "package",
      "path": "avalonedit/5.0.3",
      "files": [
        ".signature.p7s",
        "avalonedit.5.0.3.nupkg.sha512",
        "avalonedit.nuspec",
        "lib/Net35/ICSharpCode.AvalonEdit.dll",
        "lib/Net35/ICSharpCode.AvalonEdit.xml",
        "lib/Net40/ICSharpCode.AvalonEdit.dll",
        "lib/Net40/ICSharpCode.AvalonEdit.xml"
      ]
    },
    "BalaReva.Pdf.Activities/2019.1.0": {
      "sha512": "X93yzN29nBN5YXvA/QKEZ1vf4TEMHlNmA/cJPQrumP/yX/g3fpmWDtZZl22Wz20Kc5qh1vQeSxnHEb1hLkFJgw==",
      "type": "package",
      "path": "balareva.pdf.activities/2019.1.0",
      "files": [
        "balareva.pdf.activities.2019.1.0.nupkg.sha512",
        "balareva.pdf.activities.nuspec",
        "lib/BalaReva.PDF.Design.dll",
        "lib/BalaReva.PDF2.dll",
        "lib/itextsharp.dll"
      ]
    },
    "BitMiracle.Docotic.Pdf/5.2.8369": {
      "sha512": "vN6Z/YdfJ05XgKHorCc6S715Fv/8SAgp6nR9w3HjxyS4KAr/f1zGNjZwuOznxg46qnBiBsCHXMsLkgEmiNEUqg==",
      "type": "package",
      "path": "bitmiracle.docotic.pdf/5.2.8369",
      "files": [
        "bitmiracle.docotic.pdf.5.2.8369.nupkg.sha512",
        "bitmiracle.docotic.pdf.nuspec",
        "lib/net20/BitMiracle.Docotic.Pdf.dll",
        "lib/net20/BitMiracle.Docotic.Pdf.xml",
        "lib/net40/BitMiracle.Docotic.Pdf.dll",
        "lib/net40/BitMiracle.Docotic.Pdf.xml",
        "lib/netstandard1.3/BitMiracle.Docotic.Pdf.dll",
        "lib/netstandard1.3/BitMiracle.Docotic.Pdf.xml",
        "readme.txt"
      ]
    },
    "BouncyCastle/1.8.1": {
      "sha512": "nH+P67LavO5EcxjKdBxFfRdfdFhivS3Xp3+0br1KcpCI8DM6ksCWy6YYZjk7XFV+VsHGtkUovwIZ/vmCp42geA==",
      "type": "package",
      "path": "bouncycastle/1.8.1",
      "files": [
        "Readme.txt",
        "bouncycastle.1.8.1.nupkg.sha512",
        "bouncycastle.nuspec",
        "lib/BouncyCastle.Crypto.dll"
      ]
    },
    "Caliburn.Micro/3.0.1": {
      "sha512": "34GUogBL8tS1rWCSugKwaOdmZZz162JC0K3HCSPuSlkCZwA1zDTspUp7owXigOjliCSiBzP1ltBFMWpLxs9BtQ==",
      "type": "package",
      "path": "caliburn.micro/3.0.1",
      "files": [
        ".signature.p7s",
        "caliburn.micro.3.0.1.nupkg.sha512",
        "caliburn.micro.nuspec",
        "lib/MonoAndroid10/Caliburn.Micro.Platform.Core.dll",
        "lib/MonoAndroid10/Caliburn.Micro.Platform.Core.xml",
        "lib/MonoAndroid10/Caliburn.Micro.Platform.dll",
        "lib/MonoAndroid10/Caliburn.Micro.Platform.xml",
        "lib/MonoTouch10/Caliburn.Micro.Platform.Core.dll",
        "lib/MonoTouch10/Caliburn.Micro.Platform.Core.dll.mdb",
        "lib/MonoTouch10/Caliburn.Micro.Platform.Core.xml",
        "lib/MonoTouch10/Caliburn.Micro.Platform.dll",
        "lib/MonoTouch10/Caliburn.Micro.Platform.xml",
        "lib/MonoTouch10/Caliburn.Micro.dll.mdb",
        "lib/Xamarin.iOS10/Caliburn.Micro.Platform.Core.dll",
        "lib/Xamarin.iOS10/Caliburn.Micro.Platform.Core.dll.mdb",
        "lib/Xamarin.iOS10/Caliburn.Micro.Platform.Core.xml",
        "lib/Xamarin.iOS10/Caliburn.Micro.Platform.dll",
        "lib/Xamarin.iOS10/Caliburn.Micro.Platform.xml",
        "lib/Xamarin.iOS10/Caliburn.Micro.dll.mdb",
        "lib/net40/Caliburn.Micro.Platform.dll",
        "lib/net40/Caliburn.Micro.Platform.xml",
        "lib/net40/System.Windows.Interactivity.dll",
        "lib/net40/System.Windows.Interactivity.xml",
        "lib/net45/Caliburn.Micro.Platform.Core.dll",
        "lib/net45/Caliburn.Micro.Platform.Core.xml",
        "lib/net45/Caliburn.Micro.Platform.dll",
        "lib/net45/Caliburn.Micro.Platform.xml",
        "lib/net45/System.Windows.Interactivity.dll",
        "lib/sl5/Caliburn.Micro.Platform.dll",
        "lib/sl5/Caliburn.Micro.Platform.xml",
        "lib/sl5/System.Windows.Interactivity.dll",
        "lib/uap10.0/Caliburn.Micro.Platform.Core.dll",
        "lib/uap10.0/Caliburn.Micro.Platform.Core.xml",
        "lib/uap10.0/Caliburn.Micro.Platform.UWP.XML",
        "lib/uap10.0/Caliburn.Micro.Platform.UWP.dll",
        "lib/uap10.0/Caliburn.Micro.Platform.UWP.pri",
        "lib/uap10.0/Caliburn.Micro.Platform.UWP/Properties/Caliburn.Micro.Platform.UWP.rd.xml",
        "lib/win81/Caliburn.Micro.Platform.Core.dll",
        "lib/win81/Caliburn.Micro.Platform.Core.xml",
        "lib/win81/Caliburn.Micro.Platform.XML",
        "lib/win81/Caliburn.Micro.Platform.dll",
        "lib/win81/Caliburn.Micro.Platform.pri",
        "lib/win81/Microsoft.Xaml.Interactions.dll",
        "lib/win81/Microsoft.Xaml.Interactivity.dll",
        "lib/wp8/Caliburn.Micro.Platform.Core.dll",
        "lib/wp8/Caliburn.Micro.Platform.Core.xml",
        "lib/wp8/Caliburn.Micro.Platform.dll",
        "lib/wp8/Caliburn.Micro.Platform.xml",
        "lib/wp8/System.Windows.Interactivity.dll",
        "lib/wpa81/Caliburn.Micro.Platform.Core.dll",
        "lib/wpa81/Caliburn.Micro.Platform.Core.xml",
        "lib/wpa81/Caliburn.Micro.Platform.dll",
        "lib/wpa81/Caliburn.Micro.Platform.pri",
        "lib/wpa81/Caliburn.Micro.Platform.xml",
        "lib/wpa81/Microsoft.Xaml.Interactions.dll",
        "lib/wpa81/Microsoft.Xaml.Interactivity.dll"
      ]
    },
    "Caliburn.Micro.Core/3.0.1": {
      "sha512": "rYCObUe1g/ks4kTEPMFc4yFShYWkL6P5sfUsJOPGSKPXCsnKXL0XaclU3XGWAHBeNTPBgJO9pJBfMBcaq3iyRg==",
      "type": "package",
      "path": "caliburn.micro.core/3.0.1",
      "files": [
        ".signature.p7s",
        "caliburn.micro.core.3.0.1.nupkg.sha512",
        "caliburn.micro.core.nuspec",
        "lib/net40/Caliburn.Micro.XML",
        "lib/net40/Caliburn.Micro.dll",
        "lib/net45/Caliburn.Micro.dll",
        "lib/net45/Caliburn.Micro.xml",
        "lib/portable-net45+win8+wp8+wpa81+MonoAndroid10+Xamarin.iOS10+MonoTouch10+uap10.0/Caliburn.Micro.XML",
        "lib/portable-net45+win8+wp8+wpa81+MonoAndroid10+Xamarin.iOS10+MonoTouch10+uap10.0/Caliburn.Micro.dll",
        "lib/portable-net45+win8+wp8+wpa81+MonoAndroid10+Xamarin.iOS10+MonoTouch10+uap10.0/Caliburn.Micro.dll.mdb",
        "lib/sl5/Caliburn.Micro.XML",
        "lib/sl5/Caliburn.Micro.dll"
      ]
    },
    "ClosedXML/0.87.1": {
      "sha512": "2LC0T8bu2G2kt34C4Ig87uZfrRO4MwMVI54e2To7m3DvwAs2Z2Ir86WQuUoW8Txo1uNGSfmu3DpfpQhSX0bIww==",
      "type": "package",
      "path": "closedxml/0.87.1",
      "files": [
        "closedxml.0.87.1.nupkg.sha512",
        "closedxml.nuspec",
        "lib/net35/ClosedXML.dll",
        "lib/net35/ClosedXML.pdb",
        "lib/net35/ClosedXML.xml",
        "lib/net40/ClosedXML.dll",
        "lib/net40/ClosedXML.pdb",
        "lib/net40/ClosedXML.xml"
      ]
    },
    "ComponentPro.Excel/7.0.226.143": {
      "sha512": "AmSbkCoG4smEUJv4PnsWtBEs2t30Pso0m7eb7iHzcdwVm86FDEAZ59fiG2CDL9Bv6ddij1TbZeOBvBV8QEiQtA==",
      "type": "package",
      "path": "componentpro.excel/7.0.226.143",
      "files": [
        ".signature.p7s",
        "componentpro.excel.7.0.226.143.nupkg.sha512",
        "componentpro.excel.nuspec",
        "lib/net40/ComponentPro.Excel.dll",
        "lib/net40/ComponentPro.Excel.xml"
      ]
    },
    "ComponentPro.ExcelToPdf/7.0.226.143": {
      "sha512": "Y7G2KFnODCQjPU/RuT/UqyJtz3ON3VO3xB172vSYr+MD4CLeEGcd5gX665wqX8SwuzmjMKfS9Z5TohxN9Uzwew==",
      "type": "package",
      "path": "componentpro.exceltopdf/7.0.226.143",
      "files": [
        ".signature.p7s",
        "componentpro.exceltopdf.7.0.226.143.nupkg.sha512",
        "componentpro.exceltopdf.nuspec",
        "lib/net40/ComponentPro.ExcelToPdf.dll",
        "lib/net40/ComponentPro.ExcelToPdf.xml"
      ]
    },
    "ComponentPro.Pdf/7.0.226.143": {
      "sha512": "AC0AA8uTTqw7V9nN2VAvxnqdoZE9KYYhpLdR76kjI7CNQmlrD9SJOOMpUzXblseNxFqHpRxFCDUk9tcUfcIpAQ==",
      "type": "package",
      "path": "componentpro.pdf/7.0.226.143",
      "files": [
        ".signature.p7s",
        "componentpro.pdf.7.0.226.143.nupkg.sha512",
        "componentpro.pdf.nuspec",
        "lib/net40/ComponentPro.Pdf.dll",
        "lib/net40/ComponentPro.Pdf.xml"
      ]
    },
    "CsvHelper/2.13.5": {
      "sha512": "fC8DPi/YTcZ8uXFiAeuT9EpsR2TE5cSJ2jg/4tht/Oen6az/djebpYoCQEtI33RfNrSZ533SedOknlWtUTX3fw==",
      "type": "package",
      "path": "csvhelper/2.13.5",
      "files": [
        "csvhelper.2.13.5.nupkg.sha512",
        "csvhelper.nuspec",
        "lib/net20/CsvHelper.dll",
        "lib/net20/CsvHelper.pdb",
        "lib/net20/CsvHelper.xml",
        "lib/net35-client/CsvHelper.dll",
        "lib/net35-client/CsvHelper.pdb",
        "lib/net35-client/CsvHelper.xml",
        "lib/net40-client/CsvHelper.dll",
        "lib/net40-client/CsvHelper.pdb",
        "lib/net40-client/CsvHelper.xml",
        "lib/portable-net40+sl5+win8+wpa+wp8/CsvHelper.dll",
        "lib/portable-net40+sl5+win8+wpa+wp8/CsvHelper.pdb",
        "lib/portable-net40+sl5+win8+wpa+wp8/CsvHelper.xml"
      ]
    },
    "DocumentFormat.OpenXml/2.5.0": {
      "sha512": "H5jnox0hcLwzAjrpNqDPIItjh7dplF1kk1z8LatpI2h75wBgps1MepEttJFKs7xedQReCMHA0tGpNI0H2B+Mrg==",
      "type": "package",
      "path": "documentformat.openxml/2.5.0",
      "files": [
        "documentformat.openxml.2.5.0.nupkg.sha512",
        "documentformat.openxml.nuspec",
        "lib/DocumentFormat.OpenXml.dll"
      ]
    },
    "EvoPdf.ExcelToPdf/7.1.0": {
      "sha512": "zRhj+OWETGagyWQ5JUFr6T1sPlT4d7+FjHpe1D5h3GHMsik8KbrIbBfwuFvShsDaLQpnDZ0QcmD4L2UA61R18A==",
      "type": "package",
      "path": "evopdf.exceltopdf/7.1.0",
      "files": [
        ".signature.p7s",
        "evopdf.exceltopdf.7.1.0.nupkg.sha512",
        "evopdf.exceltopdf.nuspec",
        "lib/net40/evoexceltopdf.dll",
        "lib/net40/evoexceltopdf.xml",
        "lib/netcoreapp2.0/evoexceltopdf.dll",
        "lib/netcoreapp2.0/evoexceltopdf.xml"
      ]
    },
    "ExceltoPDFConversionActivities/1.1.6": {
      "sha512": "na7fkCkF/hIEOAYqeSkBYdD3fK/2eSxXLV6Ik0ynzsjv6Z3YnBKy+sJOMPoRsQY/T7VVeAckGIBo27g2bHVChw==",
      "type": "package",
      "path": "exceltopdfconversionactivities/1.1.6",
      "files": [
        ".signature.p7s",
        "exceltopdfconversionactivities.1.1.6.nupkg.sha512",
        "exceltopdfconversionactivities.nuspec",
        "lib/ExceltoPDFConversion.dll"
      ]
    },
    "Extended.Wpf.Toolkit/2.8.0": {
      "sha512": "YzLQ/sB91g0gRftvlPGOqYJe6TwiPTQoYhO+4ZSsnxaMEQZ5KZIQySTtsTWZ0HJC5+xrgk1Z/if7kjY4cSRPdw==",
      "type": "package",
      "path": "extended.wpf.toolkit/2.8.0",
      "files": [
        ".signature.p7s",
        "extended.wpf.toolkit.2.8.0.nupkg.sha512",
        "extended.wpf.toolkit.nuspec",
        "lib/net35/WPFToolkit.dll",
        "lib/net35/Xceed.Wpf.Toolkit.dll",
        "lib/net40/Xceed.Wpf.AvalonDock.Themes.Aero.dll",
        "lib/net40/Xceed.Wpf.AvalonDock.Themes.Metro.dll",
        "lib/net40/Xceed.Wpf.AvalonDock.Themes.VS2010.dll",
        "lib/net40/Xceed.Wpf.AvalonDock.dll",
        "lib/net40/Xceed.Wpf.DataGrid.dll",
        "lib/net40/Xceed.Wpf.Toolkit.dll",
        "lib/net40/de/Xceed.Wpf.AvalonDock.resources.dll",
        "lib/net40/es/Xceed.Wpf.AvalonDock.resources.dll",
        "lib/net40/fr/Xceed.Wpf.AvalonDock.resources.dll",
        "lib/net40/hu/Xceed.Wpf.AvalonDock.resources.dll",
        "lib/net40/it/Xceed.Wpf.AvalonDock.resources.dll",
        "lib/net40/pt-BR/Xceed.Wpf.AvalonDock.resources.dll",
        "lib/net40/ro/Xceed.Wpf.AvalonDock.resources.dll",
        "lib/net40/ru/Xceed.Wpf.AvalonDock.resources.dll",
        "lib/net40/sv/Xceed.Wpf.AvalonDock.resources.dll",
        "lib/net40/zh-Hans/Xceed.Wpf.AvalonDock.resources.dll",
        "tools/install.ps1"
      ]
    },
    "FSharp.Core/4.0.0.1": {
      "sha512": "kS1rTerUm+WitqFATzVxs67wYlqmChPen3vMok08ALYPECBGF8U3I3ZE/fYjU0SqMR66HQCzJ/3FlJZ2xTMaDw==",
      "type": "package",
      "path": "fsharp.core/4.0.0.1",
      "files": [
        ".signature.p7s",
        "fsharp.core.4.0.0.1.nupkg.sha512",
        "fsharp.core.nuspec",
        "lib/net20/FSharp.Core.dll",
        "lib/net20/FSharp.Core.optdata",
        "lib/net20/FSharp.Core.sigdata",
        "lib/net20/FSharp.Core.xml",
        "lib/net40/FSharp.Core.dll",
        "lib/net40/FSharp.Core.optdata",
        "lib/net40/FSharp.Core.sigdata",
        "lib/net40/FSharp.Core.xml",
        "lib/portable-net45+monoandroid10+monotouch10+xamarinios10/FSharp.Core.dll",
        "lib/portable-net45+monoandroid10+monotouch10+xamarinios10/FSharp.Core.optdata",
        "lib/portable-net45+monoandroid10+monotouch10+xamarinios10/FSharp.Core.sigdata",
        "lib/portable-net45+monoandroid10+monotouch10+xamarinios10/FSharp.Core.xml",
        "lib/portable-net45+netcore45+wp8/FSharp.Core.dll",
        "lib/portable-net45+netcore45+wp8/FSharp.Core.optdata",
        "lib/portable-net45+netcore45+wp8/FSharp.Core.sigdata",
        "lib/portable-net45+netcore45+wp8/FSharp.Core.xml",
        "lib/portable-net45+netcore45+wpa81+wp8/FSharp.Core.dll",
        "lib/portable-net45+netcore45+wpa81+wp8/FSharp.Core.optdata",
        "lib/portable-net45+netcore45+wpa81+wp8/FSharp.Core.sigdata",
        "lib/portable-net45+netcore45+wpa81+wp8/FSharp.Core.xml",
        "lib/portable-net45+netcore45/FSharp.Core.dll",
        "lib/portable-net45+netcore45/FSharp.Core.optdata",
        "lib/portable-net45+netcore45/FSharp.Core.sigdata",
        "lib/portable-net45+netcore45/FSharp.Core.xml",
        "lib/portable-net45+sl5+netcore45/FSharp.Core.dll",
        "lib/portable-net45+sl5+netcore45/FSharp.Core.optdata",
        "lib/portable-net45+sl5+netcore45/FSharp.Core.sigdata",
        "lib/portable-net45+sl5+netcore45/FSharp.Core.xml"
      ]
    },
    "Humanizer.Core/2.4.2": {
      "sha512": "A8amPZrfrFU+6BO+t/NLejofWah39XsRuovQqaHdYYtXANM+dexMrc+AbLmuH3qNV4hJv6FArBsBBtZcaODLZg==",
      "type": "package",
      "path": "humanizer.core/2.4.2",
      "files": [
        ".signature.p7s",
        "humanizer.core.2.4.2.nupkg.sha512",
        "humanizer.core.nuspec",
        "lib/netstandard1.0/Humanizer.dll",
        "lib/netstandard1.0/Humanizer.xml",
        "lib/netstandard2.0/Humanizer.dll",
        "lib/netstandard2.0/Humanizer.xml"
      ]
    },
    "iTextSharp/5.5.13": {
      "sha512": "Vukh80ACfWR5hKBCfPobpUny/icva7SRmauowXWTg8N0TGvDqsbrL4Vq6UdWI/fJCsiNfu4mC4zbcxdr7KlIoA==",
      "type": "package",
      "path": "itextsharp/5.5.13",
      "files": [
        ".signature.p7s",
        "AGPL.txt",
        "itextsharp.5.5.13.nupkg.sha512",
        "itextsharp.nuspec",
        "lib/iTextSharp.xml",
        "lib/itextsharp.dll",
        "notice.txt"
      ]
    },
    "IvanAkcheurov.NTextCat.Lib/0.2.1.1": {
      "sha512": "LOvUaSc4V4D/j3lxSEBjnWyfFS4le7Ez/2jzbsNSSeTl9WmZxVhFFgDYLWjA6qb9fJ1tUsy1bmeaRjU3GVumaw==",
      "type": "package",
      "path": "ivanakcheurov.ntextcat.lib/0.2.1.1",
      "files": [
        "Core14.profile.xml",
        "ivanakcheurov.ntextcat.lib.0.2.1.1.nupkg.sha512",
        "ivanakcheurov.ntextcat.lib.nuspec",
        "lib/net40/IvanAkcheurov.Commons.XML",
        "lib/net40/IvanAkcheurov.Commons.dll",
        "lib/net40/IvanAkcheurov.NClassify.XML",
        "lib/net40/IvanAkcheurov.NClassify.dll",
        "lib/net40/IvanAkcheurov.NTextCat.Lib.XML",
        "lib/net40/IvanAkcheurov.NTextCat.Lib.dll"
      ]
    },
    "MathNet.Numerics/4.5.1": {
      "sha512": "GOjrYhkAbzrObW8SG5X42ET0nbAAsJmJ3edBLk58dbHbiXeA0hZReqVYfRZTsqB/yYZhK8lgDliZjGKnk/gGhg==",
      "type": "package",
      "path": "mathnet.numerics/4.5.1",
      "files": [
        ".signature.p7s",
        "lib/net40/MathNet.Numerics.dll",
        "lib/net40/MathNet.Numerics.xml",
        "lib/net461/MathNet.Numerics.dll",
        "lib/net461/MathNet.Numerics.xml",
        "lib/netstandard1.3/MathNet.Numerics.dll",
        "lib/netstandard1.3/MathNet.Numerics.xml",
        "lib/netstandard2.0/MathNet.Numerics.dll",
        "lib/netstandard2.0/MathNet.Numerics.xml",
        "mathnet.numerics.4.5.1.nupkg.sha512",
        "mathnet.numerics.nuspec"
      ]
    },
    "Metrics.NET/0.5.5": {
      "sha512": "XCUMCCYSSvunHpmgnKjyYxMvj61fAPpATArabFvyLytrfw63pc5SDXHcyP5VqZhiymD/gCJxfsgdqRIfqn7btQ==",
      "type": "package",
      "path": "metrics.net/0.5.5",
      "files": [
        "lib/net45/Metrics.XML",
        "lib/net45/Metrics.dll",
        "lib/net45/Metrics.pdb",
        "metrics.net.0.5.5.nupkg.sha512",
        "metrics.net.nuspec"
      ]
    },
    "Microsoft.Exchange.WebServices/2.2.0": {
      "sha512": "NlkaTD0uWtg9VbiWq0VDWMBPzHFknH3tmstrxt0acrT09LBGqATTjRpsGOODz6tUdX7/dehBinxsf75U5Uw/+A==",
      "type": "package",
      "path": "microsoft.exchange.webservices/2.2.0",
      "files": [
        "doc/License Terms.rtf",
        "doc/README.htm",
        "doc/Redist.txt",
        "lib/40/Microsoft.Exchange.WebServices.Auth.dll",
        "lib/40/Microsoft.Exchange.WebServices.Auth.pdb",
        "lib/40/Microsoft.Exchange.WebServices.Auth.xml",
        "lib/40/Microsoft.Exchange.WebServices.dll",
        "lib/40/Microsoft.Exchange.WebServices.pdb",
        "lib/40/Microsoft.Exchange.WebServices.xml",
        "microsoft.exchange.webservices.2.2.0.nupkg.sha512",
        "microsoft.exchange.webservices.nuspec"
      ]
    },
    "Microsoft.Rest.ClientRuntime/2.3.10": {
      "sha512": "a30J6t7LRkYx974tLaRnJc/dYZ1M7uhc5vdgULxdhL7HJNJydG7e+jyAVD15gK+vFR1i9MH+5Ch9t1zhb/Lp1g==",
      "type": "package",
      "path": "microsoft.rest.clientruntime/2.3.10",
      "files": [
        ".signature.p7s",
        "lib/net452/Microsoft.Rest.ClientRuntime.dll",
        "lib/net452/Microsoft.Rest.ClientRuntime.runtimeconfig.json",
        "lib/net452/Microsoft.Rest.ClientRuntime.xml",
        "lib/netstandard1.4/Microsoft.Rest.ClientRuntime.dll",
        "lib/netstandard1.4/Microsoft.Rest.ClientRuntime.runtimeconfig.json",
        "lib/netstandard1.4/Microsoft.Rest.ClientRuntime.xml",
        "microsoft.rest.clientruntime.2.3.10.nupkg.sha512",
        "microsoft.rest.clientruntime.nuspec"
      ]
    },
    "Microsoft.VisualStudio.OLE.Interop/7.10.6071": {
      "sha512": "PuINhJH41DbKfkNU+qcyC4Wlt/z0DgI/ViZv6gjUclylnFbUIpCdqm4fK+PKJDfiarHTKnGWkxjKuOIS1Bqs5Q==",
      "type": "package",
      "path": "microsoft.visualstudio.ole.interop/7.10.6071",
      "files": [
        "lib/Microsoft.VisualStudio.OLE.Interop.dll",
        "lib/Microsoft.VisualStudio.OLE.Interop.xml",
        "microsoft.visualstudio.ole.interop.7.10.6071.nupkg.sha512",
        "microsoft.visualstudio.ole.interop.nuspec"
      ]
    },
    "Microsoft.Xaml.Behaviors.Wpf/1.0.1": {
      "sha512": "nSjIGtcAc1bC21vl4fdJ/q5TLaL291wZjn/HMu8oNbKzOhcJPprVcdpt6nndT9R6cAD8rnRWtYtWfo04efG/+Q==",
      "type": "package",
      "path": "microsoft.xaml.behaviors.wpf/1.0.1",
      "files": [
        ".signature.p7s",
        "lib/net45/Microsoft.Xaml.Behaviors.dll",
        "lib/net45/Microsoft.Xaml.Behaviors.xml",
        "microsoft.xaml.behaviors.wpf.1.0.1.nupkg.sha512",
        "microsoft.xaml.behaviors.wpf.nuspec"
      ]
    },
    "Newtonsoft.Json/11.0.2": {
      "sha512": "IvJe1pj7JHEsP8B8J8DwlMEx8UInrs/x+9oVY+oCD13jpLu4JbJU2WCIsMRn5C4yW9+DgkaO8uiVE5VHKjpmdQ==",
      "type": "package",
      "path": "newtonsoft.json/11.0.2",
      "files": [
        "LICENSE.md",
        "lib/net20/Newtonsoft.Json.dll",
        "lib/net20/Newtonsoft.Json.xml",
        "lib/net35/Newtonsoft.Json.dll",
        "lib/net35/Newtonsoft.Json.xml",
        "lib/net40/Newtonsoft.Json.dll",
        "lib/net40/Newtonsoft.Json.xml",
        "lib/net45/Newtonsoft.Json.dll",
        "lib/net45/Newtonsoft.Json.xml",
        "lib/netstandard1.0/Newtonsoft.Json.dll",
        "lib/netstandard1.0/Newtonsoft.Json.xml",
        "lib/netstandard1.3/Newtonsoft.Json.dll",
        "lib/netstandard1.3/Newtonsoft.Json.xml",
        "lib/netstandard2.0/Newtonsoft.Json.dll",
        "lib/netstandard2.0/Newtonsoft.Json.xml",
        "lib/portable-net40+sl5+win8+wp8+wpa81/Newtonsoft.Json.dll",
        "lib/portable-net40+sl5+win8+wp8+wpa81/Newtonsoft.Json.xml",
        "lib/portable-net45+win8+wp8+wpa81/Newtonsoft.Json.dll",
        "lib/portable-net45+win8+wp8+wpa81/Newtonsoft.Json.xml",
        "newtonsoft.json.11.0.2.nupkg.sha512",
        "newtonsoft.json.nuspec"
      ]
    },
    "NPOI/2.4.1": {
      "sha512": "k6KgsGWQpODQcIo7SwTw4j0be6qILTQlk7xKMEPQjp1Bz3+YaUZSvQ/ePG5vcLKnzGDgGGN1TccvYccmrZU53g==",
      "type": "package",
      "path": "npoi/2.4.1",
      "files": [
        ".signature.p7s",
        "LICENSE",
        "Read Me.txt",
        "lib/NPOI.xml",
        "lib/net40/NPOI.OOXML.dll",
        "lib/net40/NPOI.OpenXml4Net.dll",
        "lib/net40/NPOI.OpenXmlFormats.dll",
        "lib/net40/NPOI.dll",
        "lib/net45/NPOI.OOXML.dll",
        "lib/net45/NPOI.OpenXml4Net.dll",
        "lib/net45/NPOI.OpenXmlFormats.dll",
        "lib/net45/NPOI.dll",
        "lib/netstandard2.0/NPOI.OOXML.deps.json",
        "lib/netstandard2.0/NPOI.OOXML.dll",
        "lib/netstandard2.0/NPOI.OpenXml4Net.deps.json",
        "lib/netstandard2.0/NPOI.OpenXml4Net.dll",
        "lib/netstandard2.0/NPOI.OpenXmlFormats.deps.json",
        "lib/netstandard2.0/NPOI.OpenXmlFormats.dll",
        "lib/netstandard2.0/NPOI.deps.json",
        "lib/netstandard2.0/NPOI.dll",
        "logo/120_120.jpg",
        "logo/240_240.png",
        "logo/32_32.jpg",
        "logo/60_60.jpg",
        "npoi.2.4.1.nupkg.sha512",
        "npoi.nuspec"
      ]
    },
    "Numsense/0.12.0": {
      "sha512": "3FIVDyc7JaLlEx6XchLIqhfdI9/eAGFkf0MZC9/MUyTQewRY6mv7EyYkw+6kZpzMjkZZFcdIplIsXnn5bQgIPw==",
      "type": "package",
      "path": "numsense/0.12.0",
      "files": [
        "lib/net45/Ploeh.Numsense.XML",
        "lib/net45/Ploeh.Numsense.dll",
        "numsense.0.12.0.nupkg.sha512",
        "numsense.nuspec"
      ]
    },
    "PDFsharp/1.50.4845-RC2a": {
      "sha512": "a/wTh2HseWqkx76wiR4ORLqipCVIA6N/+Xxk7sLTQer5T4Mk8EW/cJ5l3LQRdun5GKtmJJqpNnH/PgqlFJs5ew==",
      "type": "package",
      "path": "pdfsharp/1.50.4845-rc2a",
      "files": [
        ".signature.p7s",
        "lib/net20/PdfSharp.Charting.dll",
        "lib/net20/PdfSharp.Charting.xml",
        "lib/net20/PdfSharp.dll",
        "lib/net20/PdfSharp.xml",
        "lib/net20/de/PdfSharp.Charting.resources.dll",
        "lib/net20/de/PdfSharp.resources.dll",
        "pdfsharp.1.50.4845-rc2a.nupkg.sha512",
        "pdfsharp.nuspec"
      ]
    },
    "PDF_Activities/1.0.2": {
      "sha512": "U6wapoIcnq/MK7Jct0l+Fy/WWDsiqTdbYOcce41q73c/3UoFTQFsqA+Fnm0evuEGd0QEd5GMMYuW6H3qIzganQ==",
      "type": "package",
      "path": "pdf_activities/1.0.2",
      "files": [
        "lib/pdfLibrary.dll",
        "pdf_activities.1.0.2.nupkg.sha512",
        "pdf_activities.nuspec"
      ]
    },
    "sautinsoft.exceltopdf/5.1.5.22": {
      "sha512": "t7dnhun/WKd48yA9ji/YHz1UGwf7vyMVK+wTudTD2CQtrojjZjpI6s97eIhthBzSb80ETtSOgjD19ealsURqTA==",
      "type": "package",
      "path": "sautinsoft.exceltopdf/5.1.5.22",
      "files": [
        ".signature.p7s",
        "lib/net40/SautinSoft.ExcelToPdf.dll",
        "lib/net40/SautinSoft.ExcelToPdf.xml",
        "lib/net45/SautinSoft.ExcelToPdf.dll",
        "lib/net45/SautinSoft.ExcelToPdf.xml",
        "lib/net461/SautinSoft.ExcelToPdf.dll",
        "lib/net461/SautinSoft.ExcelToPdf.xml",
        "lib/netcoreapp2.0/SautinSoft.ExcelToPdf.deps.json",
        "lib/netcoreapp2.0/SautinSoft.ExcelToPdf.dll",
        "lib/netcoreapp2.0/SautinSoft.ExcelToPdf.xml",
        "sautinsoft.exceltopdf.5.1.5.22.nupkg.sha512",
        "sautinsoft.exceltopdf.nuspec"
      ]
    },
    "SharpZipLib/1.0.0": {
      "sha512": "38egGevtPMQn/6olZZUteKUC7+BD47LdCGKo9Vyj17+HWDwiqPXsyJu55q9WSybhwVKwt0q2FLhiuJjZfQpsHw==",
      "type": "package",
      "path": "sharpziplib/1.0.0",
      "files": [
        ".signature.p7s",
        "lib/net45/ICSharpCode.SharpZipLib.dll",
        "lib/net45/ICSharpCode.SharpZipLib.xml",
        "lib/netstandard2.0/ICSharpCode.SharpZipLib.dll",
        "lib/netstandard2.0/ICSharpCode.SharpZipLib.xml",
        "sharpziplib.1.0.0.nupkg.sha512",
        "sharpziplib.nuspec"
      ]
    },
    "System.Collections.Immutable/1.5.0": {
      "sha512": "T5XGQlcHhEO75Qx38GGCUDPdk4n/7yrRmTgy4yczzJV8alPHaxPU55TBC2UFrkQ42bu34sZPfK0dU+nWZUOEJA==",
      "type": "package",
      "path": "system.collections.immutable/1.5.0",
      "files": [
        ".signature.p7s",
        "LICENSE.TXT",
        "THIRD-PARTY-NOTICES.TXT",
        "lib/netstandard1.0/System.Collections.Immutable.dll",
        "lib/netstandard1.0/System.Collections.Immutable.xml",
        "lib/netstandard1.3/System.Collections.Immutable.dll",
        "lib/netstandard1.3/System.Collections.Immutable.xml",
        "lib/netstandard2.0/System.Collections.Immutable.dll",
        "lib/netstandard2.0/System.Collections.Immutable.xml",
        "lib/portable-net45+win8+wp8+wpa81/System.Collections.Immutable.dll",
        "lib/portable-net45+win8+wp8+wpa81/System.Collections.Immutable.xml",
        "system.collections.immutable.1.5.0.nupkg.sha512",
        "system.collections.immutable.nuspec",
        "useSharedDesignerContext.txt",
        "version.txt"
      ]
    },
    "System.Runtime.InteropServices.RuntimeInformation/4.3.0": {
      "sha512": "cbz4YJMqRDR7oLeMRbdYv7mYzc++17lNhScCX0goO2XpGWdvAt60CGN+FHdePUEHCe/Jy9jUlvNAiNdM+7jsOw==",
      "type": "package",
      "path": "system.runtime.interopservices.runtimeinformation/4.3.0",
      "files": [
        "ThirdPartyNotices.txt",
        "dotnet_library_license.txt",
        "lib/MonoAndroid10/_._",
        "lib/MonoTouch10/_._",
        "lib/net45/System.Runtime.InteropServices.RuntimeInformation.dll",
        "lib/netstandard1.1/System.Runtime.InteropServices.RuntimeInformation.dll",
        "lib/win8/System.Runtime.InteropServices.RuntimeInformation.dll",
        "lib/wpa81/System.Runtime.InteropServices.RuntimeInformation.dll",
        "lib/xamarinios10/_._",
        "lib/xamarinmac20/_._",
        "lib/xamarintvos10/_._",
        "lib/xamarinwatchos10/_._",
        "ref/MonoAndroid10/_._",
        "ref/MonoTouch10/_._",
        "ref/netstandard1.1/System.Runtime.InteropServices.RuntimeInformation.dll",
        "ref/xamarinios10/_._",
        "ref/xamarinmac20/_._",
        "ref/xamarintvos10/_._",
        "ref/xamarinwatchos10/_._",
        "runtimes/aot/lib/netcore50/System.Runtime.InteropServices.RuntimeInformation.dll",
        "runtimes/unix/lib/netstandard1.1/System.Runtime.InteropServices.RuntimeInformation.dll",
        "runtimes/win/lib/net45/System.Runtime.InteropServices.RuntimeInformation.dll",
        "runtimes/win/lib/netcore50/System.Runtime.InteropServices.RuntimeInformation.dll",
        "runtimes/win/lib/netstandard1.1/System.Runtime.InteropServices.RuntimeInformation.dll",
        "system.runtime.interopservices.runtimeinformation.4.3.0.nupkg.sha512",
        "system.runtime.interopservices.runtimeinformation.nuspec"
      ]
    },
    "System.ValueTuple/4.5.0": {
      "sha512": "b4TIdjLi5RepihnaO93cfjAgi69fx1ViGvNHYhy9k77LKms2BowENhdpZn9bL9s/dp0tOhv31olkSaQSoHgxTA==",
      "type": "package",
      "path": "system.valuetuple/4.5.0",
      "files": [
        ".signature.p7s",
        "LICENSE.TXT",
        "THIRD-PARTY-NOTICES.TXT",
        "lib/MonoAndroid10/_._",
        "lib/MonoTouch10/_._",
        "lib/net461/System.ValueTuple.dll",
        "lib/net461/System.ValueTuple.xml",
        "lib/net47/System.ValueTuple.dll",
        "lib/net47/System.ValueTuple.xml",
        "lib/netcoreapp2.0/_._",
        "lib/netstandard1.0/System.ValueTuple.dll",
        "lib/netstandard1.0/System.ValueTuple.xml",
        "lib/netstandard2.0/_._",
        "lib/portable-net40+sl4+win8+wp8/System.ValueTuple.dll",
        "lib/portable-net40+sl4+win8+wp8/System.ValueTuple.xml",
        "lib/uap10.0.16299/_._",
        "lib/xamarinios10/_._",
        "lib/xamarinmac20/_._",
        "lib/xamarintvos10/_._",
        "lib/xamarinwatchos10/_._",
        "ref/MonoAndroid10/_._",
        "ref/MonoTouch10/_._",
        "ref/net461/System.ValueTuple.dll",
        "ref/net47/System.ValueTuple.dll",
        "ref/netcoreapp2.0/_._",
        "ref/netstandard2.0/_._",
        "ref/portable-net40+sl4+win8+wp8/System.ValueTuple.dll",
        "ref/uap10.0.16299/_._",
        "ref/xamarinios10/_._",
        "ref/xamarinmac20/_._",
        "ref/xamarintvos10/_._",
        "ref/xamarinwatchos10/_._",
        "system.valuetuple.4.5.0.nupkg.sha512",
        "system.valuetuple.nuspec",
        "useSharedDesignerContext.txt",
        "version.txt"
      ]
    },
    "UiPath/10.0.6929.25268": {
      "sha512": "WtksnbPlCcLZxNdg0Qx9k3tICYbXUu3q8qqddl6rSBfRUvWOCZEDKRJ1ojhxM9OlPoJtqCPKDJLT1Y/Jg7M7eA==",
      "type": "package",
      "path": "uipath/10.0.6929.25268",
      "files": [
        "build/UiPath.targets",
        "build/UiPath/BrowserNativeMessagingImpl.dll",
        "build/UiPath/FuncServer_x64.exe",
        "build/UiPath/FuncServer_x86.exe",
        "build/UiPath/JavaSupport/UiPathBridge.jar",
        "build/UiPath/JavaSupport/UiPathJBIntruder.jar",
        "build/UiPath/JavaSupport/UiPathV8.jar",
        "build/UiPath/JavaSupport/attach_x64/6/attach.dll",
        "build/UiPath/JavaSupport/attach_x64/7/attach.dll",
        "build/UiPath/JavaSupport/attach_x86/6/attach.dll",
        "build/UiPath/JavaSupport/attach_x86/7/attach.dll",
        "build/UiPath/JavaSupport/jaccess-1_2.jar",
        "build/UiPath/JavaSupport/jaccess-1_3.jar",
        "build/UiPath/JavaSupport/jaccess-1_4.jar",
        "build/UiPath/JavaSupport/jaccess.jar",
        "build/UiPath/JavaSupport/tools.jar",
        "build/UiPath/JavaSupport/xml-apis.jar",
        "build/UiPath/Resources/x32.manifest",
        "build/UiPath/Resources/x64.manifest",
        "build/UiPath/SLBroker.dll",
        "build/UiPath/SLBroker.xap",
        "build/UiPath/SLHook.dll",
        "build/UiPath/ShaferFilechck.dll",
        "build/UiPath/TCapture.dll",
        "build/UiPath/TCapture_x64.dll",
        "build/UiPath/UiEventHook.dll",
        "build/UiPath/UiEventHook_x64.dll",
        "build/UiPath/UiPath.dll",
        "build/UiPath/UiPathJavaBridgeImplV8.dll",
        "build/UiPath/UiPathJavaBridgeImplV8_x64.dll",
        "build/UiPath/UiPathJavaBridgeV8.dll",
        "build/UiPath/UiPathJavaBridgeV8_x64.dll",
        "build/UiPath/UiPathRemoteRuntime.exe",
        "build/UiPath/UiPathSLB.dll",
        "build/UiPath/UiPathSLB_x64.dll",
        "build/UiPath/UiPathVirtualChannelCitrix.dll",
        "build/UiPath/UiPathVirtualChannelRdp.dll",
        "build/UiPath/UiPath_x64.dll",
        "build/UiPath/aahook.dll",
        "build/UiPath/aahook_x64.dll",
        "build/UiPath/license.config",
        "build/UiPath/msvcr100.dll",
        "build/UiPath/slinject.exe",
        "build/UiPath/x64/ShaferFilechck_x64.DLL",
        "build/UiPath/x64/msvcr100.dll",
        "lib/UiPath.Interop.dll",
        "uipath.10.0.6929.25268.nupkg.sha512",
        "uipath.nuspec"
      ]
    },
    "UiPath.CefSharpBundle/1.0.1": {
      "sha512": "BmltdqqaWNtv45WmpHkOcPxjp5qgHXT9Su6iRL2jrzP3mt98+fh7CdjJAAPzikibMXX8c6kpUHSX0VRIWcYiSw==",
      "type": "package",
      "path": "uipath.cefsharpbundle/1.0.1",
      "files": [
        ".signature.p7s",
        "build/UiPath.CefSharpBundle.targets",
        "lib/net452/CefSharp.BrowserSubprocess.Core.dll",
        "lib/net452/CefSharp.BrowserSubprocess.exe",
        "lib/net452/CefSharp.Core.dll",
        "lib/net452/CefSharp.Core.xml",
        "lib/net452/CefSharp.Wpf.XML",
        "lib/net452/CefSharp.Wpf.dll",
        "lib/net452/CefSharp.XML",
        "lib/net452/CefSharp.dll",
        "lib/net452/UiPath.CEFSharpBundle.dll",
        "lib/net452/cef.pak",
        "lib/net452/cef_100_percent.pak",
        "lib/net452/cef_200_percent.pak",
        "lib/net452/cef_extensions.pak",
        "lib/net452/chrome_elf.dll",
        "lib/net452/d3dcompiler_47.dll",
        "lib/net452/icudtl.dat",
        "lib/net452/libEGL.dll",
        "lib/net452/libGLESv2.dll",
        "lib/net452/libcef.dll",
        "lib/net452/locales/am.pak",
        "lib/net452/locales/ar.pak",
        "lib/net452/locales/bg.pak",
        "lib/net452/locales/bn.pak",
        "lib/net452/locales/ca.pak",
        "lib/net452/locales/cs.pak",
        "lib/net452/locales/da.pak",
        "lib/net452/locales/de.pak",
        "lib/net452/locales/el.pak",
        "lib/net452/locales/en-GB.pak",
        "lib/net452/locales/en-US.pak",
        "lib/net452/locales/es-419.pak",
        "lib/net452/locales/es.pak",
        "lib/net452/locales/et.pak",
        "lib/net452/locales/fa.pak",
        "lib/net452/locales/fi.pak",
        "lib/net452/locales/fil.pak",
        "lib/net452/locales/fr.pak",
        "lib/net452/locales/gu.pak",
        "lib/net452/locales/he.pak",
        "lib/net452/locales/hi.pak",
        "lib/net452/locales/hr.pak",
        "lib/net452/locales/hu.pak",
        "lib/net452/locales/id.pak",
        "lib/net452/locales/it.pak",
        "lib/net452/locales/ja.pak",
        "lib/net452/locales/kn.pak",
        "lib/net452/locales/ko.pak",
        "lib/net452/locales/lt.pak",
        "lib/net452/locales/lv.pak",
        "lib/net452/locales/ml.pak",
        "lib/net452/locales/mr.pak",
        "lib/net452/locales/ms.pak",
        "lib/net452/locales/nb.pak",
        "lib/net452/locales/nl.pak",
        "lib/net452/locales/pl.pak",
        "lib/net452/locales/pt-BR.pak",
        "lib/net452/locales/pt-PT.pak",
        "lib/net452/locales/ro.pak",
        "lib/net452/locales/ru.pak",
        "lib/net452/locales/sk.pak",
        "lib/net452/locales/sl.pak",
        "lib/net452/locales/sr.pak",
        "lib/net452/locales/sv.pak",
        "lib/net452/locales/sw.pak",
        "lib/net452/locales/ta.pak",
        "lib/net452/locales/te.pak",
        "lib/net452/locales/th.pak",
        "lib/net452/locales/tr.pak",
        "lib/net452/locales/uk.pak",
        "lib/net452/locales/vi.pak",
        "lib/net452/locales/zh-CN.pak",
        "lib/net452/locales/zh-TW.pak",
        "lib/net452/msvcp140.dll",
        "lib/net452/natives_blob.bin",
        "lib/net452/snapshot_blob.bin",
        "lib/net452/swiftshader/libEGL.dll",
        "lib/net452/swiftshader/libGLESv2.dll",
        "lib/net452/v8_context_snapshot.bin",
        "lib/net452/vcruntime140.dll",
        "license.txt",
        "uipath.cefsharpbundle.1.0.1.nupkg.sha512",
        "uipath.cefsharpbundle.nuspec"
      ]
    },
    "UiPath.Database.Activities/1.2.6863.32528": {
      "sha512": "eNPiEjZztYygiGSvHoQla7A/IJZ54fa3qVkQRG7W+ANyI4mWsjkq0fKbPThaRIThrpJVwyU+0VMavTpHZCNKpQ==",
      "type": "package",
      "path": "uipath.database.activities/1.2.6863.32528",
      "files": [
        "lib/net40-Client/Microsoft.Data.ConnectionUI.Dialog.dll",
        "lib/net40-Client/UiPath.Database.Activities.Design.dll",
        "lib/net40-Client/UiPath.Database.Activities.dll",
        "lib/net40-Client/UiPath.Database.dll",
        "lib/net40-Client/de/UiPath.Database.Activities.Design.resources.dll",
        "lib/net40-Client/de/UiPath.Database.Activities.resources.dll",
        "lib/net40-Client/de/UiPath.Database.resources.dll",
        "lib/net40-Client/fr/UiPath.Database.Activities.Design.resources.dll",
        "lib/net40-Client/fr/UiPath.Database.Activities.resources.dll",
        "lib/net40-Client/fr/UiPath.Database.resources.dll",
        "lib/net40-Client/ja/UiPath.Database.Activities.Design.resources.dll",
        "lib/net40-Client/ja/UiPath.Database.Activities.resources.dll",
        "lib/net40-Client/ja/UiPath.Database.resources.dll",
        "uipath.database.activities.1.2.6863.32528.nupkg.sha512",
        "uipath.database.activities.nuspec"
      ]
    },
    "UiPath.DocumentProcessing.Contracts/1.1.0": {
      "sha512": "up+JWZ2BtoN4rsSeSCu1VBgDwy2KnB9InJMoYpKKwnVqpnt/I7yM2R9JmjYIs0VQHOprteWAoW5CA/MLnH3tNg==",
      "type": "package",
      "path": "uipath.documentprocessing.contracts/1.1.0",
      "files": [
        ".signature.p7s",
        "lib/net461/UiPath.DocumentProcessing.Contracts.dll",
        "uipath.documentprocessing.contracts.1.1.0.nupkg.sha512",
        "uipath.documentprocessing.contracts.nuspec"
      ]
    },
    "UiPath.Excel.Activities/2.6.1": {
      "sha512": "i4J+JQERH1ypjQJVFz7NMDBgvud0Vsu+Lfaw1kAyCJqEmSV/Wea0ffIwM7uOiEfxE6wyvKPggQ/h8bXaY9ybqA==",
      "type": "package",
      "path": "uipath.excel.activities/2.6.1",
      "files": [
        ".signature.p7s",
        "lib/net461/UiPath.Excel.Activities.Design.dll",
        "lib/net461/UiPath.Excel.Activities.dll",
        "lib/net461/UiPath.Excel.dll",
        "lib/net461/fr/UiPath.Excel.Activities.Design.resources.dll",
        "lib/net461/fr/UiPath.Excel.Activities.resources.dll",
        "lib/net461/fr/UiPath.Excel.resources.dll",
        "lib/net461/ja/UiPath.Excel.Activities.Design.resources.dll",
        "lib/net461/ja/UiPath.Excel.Activities.resources.dll",
        "lib/net461/ja/UiPath.Excel.resources.dll",
        "lib/net461/ru/UiPath.Excel.Activities.Design.resources.dll",
        "lib/net461/ru/UiPath.Excel.Activities.resources.dll",
        "lib/net461/ru/UiPath.Excel.resources.dll",
        "uipath.excel.activities.2.6.1.nupkg.sha512",
        "uipath.excel.activities.nuspec"
      ]
    },
    "UiPath.IntelligentOCR.Activities/2.1.0": {
      "sha512": "G9LQ2yGccRnWMLWEhPjez0gPx3QoyljRP9gnPZE6QO9K5NtgriY4nxzxB7IAPqfbvlb5bZrxjyDAJcNY7SYLRQ==",
      "type": "package",
      "path": "uipath.intelligentocr.activities/2.1.0",
      "files": [
        ".signature.p7s",
        "content/Dependencies/NTextCat/languages.profile.xml",
        "content/Dependencies/SupportedLanguages.json",
        "content/Dependencies/Word List/words_alpha.txt",
        "content/UiPathLogo.ico",
        "lib/net461/Dependencies/NTextCat/languages.profile.xml",
        "lib/net461/Dependencies/SupportedLanguages.json",
        "lib/net461/Dependencies/Word List/words_alpha.txt",
        "lib/net461/FCEngine.VisualComponents.dll",
        "lib/net461/Interop.FCEngine.dll",
        "lib/net461/UiPath.IntelligentOCR.Activities.Design.dll",
        "lib/net461/UiPath.IntelligentOCR.Activities.dll",
        "lib/net461/UiPath.IntelligentOCR.dll",
        "lib/net461/UiPath.SmartData.Data.dll",
        "lib/net461/UiPath.SmartData.Digitization.dll",
        "lib/net461/UiPath.SmartData.DocumentClassification.dll",
        "lib/net461/UiPath.SmartData.FixedForms.TemplateManager.VSIntegration.dll",
        "lib/net461/UiPath.SmartData.FixedForms.TemplateManager.exe",
        "lib/net461/UiPath.SmartData.FixedForms.dll",
        "lib/net461/UiPath.SmartData.Host.Local.Infrastructure.dll",
        "lib/net461/UiPath.SmartData.ImageProcessing.dll",
        "lib/net461/UiPath.SmartData.Language.dll",
        "lib/net461/UiPath.SmartData.Localization.dll",
        "lib/net461/UiPath.SmartData.OCR.dll",
        "lib/net461/UiPath.SmartData.OutOfProcessUi.Common.dll",
        "lib/net461/UiPath.SmartData.OutOfProcessUi.Host.WCF.exe",
        "lib/net461/UiPath.SmartData.PDF.dll",
        "lib/net461/UiPath.SmartData.TableProcessing.dll",
        "lib/net461/UiPath.SmartData.TaxonomyManager.Host.Local.dll",
        "lib/net461/UiPath.SmartData.TaxonomyManager.Storage.dll",
        "lib/net461/UiPath.SmartData.TaxonomyManager.dll",
        "lib/net461/UiPath.SmartData.Utils.dll",
        "lib/net461/UiPath.SmartData.ValidationStation.Host.Local.dll",
        "lib/net461/UiPath.SmartData.ValidationStation.PDF.Optimization.dll",
        "lib/net461/UiPath.SmartData.ValidationStation.Storage.dll",
        "lib/net461/UiPath.SmartData.ValidationStation.ValueParsing.dll",
        "lib/net461/UiPath.SmartData.ValidationStation.dll",
        "lib/net461/extractioncms/css/default-main-5af2e613.0e3449a28570c748acd1.chunk.css",
        "lib/net461/extractioncms/css/vendor-7274e1de.f46d2a78352f36c332fd.chunk.css",
        "lib/net461/extractioncms/css/vendor-7d359b94.9ab3d09d6ebc8f058698.chunk.css",
        "lib/net461/extractioncms/css/vendor-f9ca8911.834e959e99da586938a9.chunk.css",
        "lib/net461/extractioncms/fonts/3c1e04901e63bef6c26cbe06c067ca2c.eot",
        "lib/net461/extractioncms/fonts/43d5c718339efeb1177aff722d72669d.woff2",
        "lib/net461/extractioncms/fonts/448c34a56d699c29117adc64c43affeb.woff2",
        "lib/net461/extractioncms/fonts/89889688147bd7575d6327160d64e760.svg",
        "lib/net461/extractioncms/fonts/91433571f154776a1d46c2a287de05d7.svg",
        "lib/net461/extractioncms/fonts/a21b9e1aad96623ef91bca7ecea7b169.woff",
        "lib/net461/extractioncms/fonts/b2e0fc821c6886fb3940f85a3320003e.ttf",
        "lib/net461/extractioncms/fonts/e18bbf611f2a2e43afc071aa2f4e1512.ttf",
        "lib/net461/extractioncms/fonts/f4769f9bdb7466be65088239c12046d1.eot",
        "lib/net461/extractioncms/fonts/fa2772327f55d8198301fdb8bcfc8158.woff",
        "lib/net461/extractioncms/images/rect_red.png",
        "lib/net461/extractioncms/images/spinner.gif",
        "lib/net461/extractioncms/index.html",
        "lib/net461/extractioncms/js/default-main-5af2e613.0e3449a28570c748acd1.chunk.js",
        "lib/net461/extractioncms/js/main.a1ed7a9221644fb69897.bundle.js",
        "lib/net461/extractioncms/js/pdf.worker.js",
        "lib/net461/extractioncms/js/vendor-1ebd4f7f.b02199ea793ff65d931b.chunk.js",
        "lib/net461/extractioncms/js/vendor-2a42e354.365e6844b99d3c1856fc.chunk.js",
        "lib/net461/extractioncms/js/vendor-7274e1de.f46d2a78352f36c332fd.chunk.js",
        "lib/net461/extractioncms/js/vendor-7d359b94.9ab3d09d6ebc8f058698.chunk.js",
        "lib/net461/extractioncms/js/vendor-f9ca8911.834e959e99da586938a9.chunk.js",
        "lib/net461/fr/UiPath.IntelligentOCR.Activities.Design.resources.dll",
        "lib/net461/fr/UiPath.IntelligentOCR.Activities.resources.dll",
        "lib/net461/fr/UiPath.IntelligentOCR.resources.dll",
        "lib/net461/fr/UiPath.SmartData.FixedForms.TemplateManager.VSIntegration.resources.dll",
        "lib/net461/fr/UiPath.SmartData.FixedForms.TemplateManager.resources.dll",
        "lib/net461/fr/UiPath.SmartData.Host.Local.Infrastructure.resources.dll",
        "lib/net461/fr/UiPath.SmartData.TaxonomyManager.Host.Local.resources.dll",
        "lib/net461/fr/UiPath.SmartData.TaxonomyManager.resources.dll",
        "lib/net461/fr/UiPath.SmartData.Utils.resources.dll",
        "lib/net461/fr/UiPath.SmartData.ValidationStation.Host.Local.resources.dll",
        "lib/net461/fr/UiPath.SmartData.ValidationStation.resources.dll",
        "lib/net461/ja/UiPath.IntelligentOCR.Activities.Design.resources.dll",
        "lib/net461/ja/UiPath.IntelligentOCR.Activities.resources.dll",
        "lib/net461/ja/UiPath.IntelligentOCR.resources.dll",
        "lib/net461/ja/UiPath.SmartData.FixedForms.TemplateManager.VSIntegration.resources.dll",
        "lib/net461/ja/UiPath.SmartData.FixedForms.TemplateManager.resources.dll",
        "lib/net461/ja/UiPath.SmartData.Host.Local.Infrastructure.resources.dll",
        "lib/net461/ja/UiPath.SmartData.TaxonomyManager.Host.Local.resources.dll",
        "lib/net461/ja/UiPath.SmartData.TaxonomyManager.resources.dll",
        "lib/net461/ja/UiPath.SmartData.Utils.resources.dll",
        "lib/net461/ja/UiPath.SmartData.ValidationStation.Host.Local.resources.dll",
        "lib/net461/ja/UiPath.SmartData.ValidationStation.resources.dll",
        "lib/net461/ru/UiPath.IntelligentOCR.Activities.Design.resources.dll",
        "lib/net461/ru/UiPath.IntelligentOCR.Activities.resources.dll",
        "lib/net461/ru/UiPath.IntelligentOCR.resources.dll",
        "lib/net461/ru/UiPath.SmartData.FixedForms.TemplateManager.VSIntegration.resources.dll",
        "lib/net461/ru/UiPath.SmartData.FixedForms.TemplateManager.resources.dll",
        "lib/net461/ru/UiPath.SmartData.Host.Local.Infrastructure.resources.dll",
        "lib/net461/ru/UiPath.SmartData.TaxonomyManager.Host.Local.resources.dll",
        "lib/net461/ru/UiPath.SmartData.TaxonomyManager.resources.dll",
        "lib/net461/ru/UiPath.SmartData.Utils.resources.dll",
        "lib/net461/ru/UiPath.SmartData.ValidationStation.Host.Local.resources.dll",
        "lib/net461/ru/UiPath.SmartData.ValidationStation.resources.dll",
        "lib/net461/taxonomy-manager/css/main-5af2e613.6b714e3a906323766a8d.bundle.css",
        "lib/net461/taxonomy-manager/css/vendor-7274e1de.9c1609e205a796e3e8aa.chunk.css",
        "lib/net461/taxonomy-manager/fonts/1addd2d2cc7b9ed9e089a647e2f4226c.eot",
        "lib/net461/taxonomy-manager/fonts/448c34a56d699c29117adc64c43affeb.woff2",
        "lib/net461/taxonomy-manager/fonts/48f5708199e5cf63dee298c92e613878.woff",
        "lib/net461/taxonomy-manager/fonts/89889688147bd7575d6327160d64e760.svg",
        "lib/net461/taxonomy-manager/fonts/96f1c901c087fb64019f7665f7f8aca6.woff2",
        "lib/net461/taxonomy-manager/fonts/e18bbf611f2a2e43afc071aa2f4e1512.ttf",
        "lib/net461/taxonomy-manager/fonts/e57c1fc616662cd04f4f32be7735570c.ttf",
        "lib/net461/taxonomy-manager/fonts/e6b0e1c4dfc4e8519778c284a99981ff.svg",
        "lib/net461/taxonomy-manager/fonts/f4769f9bdb7466be65088239c12046d1.eot",
        "lib/net461/taxonomy-manager/fonts/fa2772327f55d8198301fdb8bcfc8158.woff",
        "lib/net461/taxonomy-manager/index.html",
        "lib/net461/taxonomy-manager/js/main-5af2e613.1583ec50a6ce9c2e9f0b.bundle.js",
        "lib/net461/taxonomy-manager/js/vendor-37127547.ced572d27c2e8dda9a42.chunk.js",
        "lib/net461/taxonomy-manager/js/vendor-7274e1de.9c1609e205a796e3e8aa.chunk.js",
        "uipath.intelligentocr.activities.2.1.0.nupkg.sha512",
        "uipath.intelligentocr.activities.nuspec"
      ]
    },
    "UiPath.Mail.Activities/1.3.0": {
      "sha512": "WOCrTHJWhn8MncsdC0K+fbjr9ezI0CynqNCY3MQyjbdTJHlmKvG69kC1/XgdHry0r9hknq2dhB4esgyC5jzmsw==",
      "type": "package",
      "path": "uipath.mail.activities/1.3.0",
      "files": [
        "lib/net452/MailKit.dll",
        "lib/net452/MailKit.xml",
        "lib/net452/MimeKit.dll",
        "lib/net452/MimeKit.xml",
        "lib/net452/UiPath.Mail.Activities.Design.dll",
        "lib/net452/UiPath.Mail.Activities.dll",
        "lib/net452/UiPath.Mail.dll",
        "lib/net452/fr/UiPath.Mail.Activities.Design.resources.dll",
        "lib/net452/fr/UiPath.Mail.Activities.resources.dll",
        "lib/net452/fr/UiPath.Mail.resources.dll",
        "lib/net452/ja/UiPath.Mail.Activities.Design.resources.dll",
        "lib/net452/ja/UiPath.Mail.Activities.resources.dll",
        "lib/net452/ja/UiPath.Mail.resources.dll",
        "lib/net452/ru/UiPath.Mail.Activities.Design.resources.dll",
        "lib/net452/ru/UiPath.Mail.Activities.resources.dll",
        "lib/net452/ru/UiPath.Mail.resources.dll",
        "uipath.mail.activities.1.3.0.nupkg.sha512",
        "uipath.mail.activities.nuspec"
      ]
    },
    "UiPath.OCR.Contracts/1.0.0": {
      "sha512": "h5QgDgpFky81C/q7zPvLtAc6eTHOWIbf8seIS9OL1G6oVbkAsPVTXgP1X1xac4G6ZTaZVKqnIxdvnihut4BFBg==",
      "type": "package",
      "path": "uipath.ocr.contracts/1.0.0",
      "files": [
        ".signature.p7s",
        "lib/net45/UiPath.OCR.Contracts.dll",
        "uipath.ocr.contracts.1.0.0.nupkg.sha512",
        "uipath.ocr.contracts.nuspec"
      ]
    },
    "UiPath.PDF.Activities/2.0.0": {
      "sha512": "LTG3gsyFtRyhULF44aDagDstGNdp5PvAL2DCDT0fE8QieOy7LkVh5vvdJxet9xD/MsXTJGyMxtmc4H0K3PvS2w==",
      "type": "package",
      "path": "uipath.pdf.activities/2.0.0",
      "files": [
        ".signature.p7s",
        "lib/net461/UiPath.PDF.Activities.Design.dll",
        "lib/net461/UiPath.PDF.Activities.dll",
        "lib/net461/UiPath.PDF.dll",
        "lib/net461/fr/UiPath.PDF.Activities.Design.resources.dll",
        "lib/net461/fr/UiPath.PDF.Activities.resources.dll",
        "lib/net461/fr/UiPath.PDF.resources.dll",
        "lib/net461/ja/UiPath.PDF.Activities.Design.resources.dll",
        "lib/net461/ja/UiPath.PDF.Activities.resources.dll",
        "lib/net461/ja/UiPath.PDF.resources.dll",
        "lib/net461/ru/UiPath.PDF.Activities.Design.resources.dll",
        "lib/net461/ru/UiPath.PDF.Activities.resources.dll",
        "lib/net461/ru/UiPath.PDF.resources.dll",
        "uipath.pdf.activities.2.0.0.nupkg.sha512",
        "uipath.pdf.activities.nuspec"
      ]
    },
    "UiPath.System.Activities/18.4.2": {
      "sha512": "AbRu7ROOp5f2WDpuQNcQalwjusixbIAlP+rzdSKCmXnaW8J8E969GSoxeCf2nk010c4NOvqQQM5NAd8xdfJgFg==",
      "type": "package",
      "path": "uipath.system.activities/18.4.2",
      "files": [
        "lib/net461/ActiproSoftware.Docking.Wpf.dll",
        "lib/net461/ActiproSoftware.Ribbon.Wpf.dll",
        "lib/net461/ActiproSoftware.Shared.Wpf.dll",
        "lib/net461/ActiproSoftware.SyntaxEditor.Addons.DotNet.Wpf.dll",
        "lib/net461/ActiproSoftware.SyntaxEditor.Wpf.dll",
        "lib/net461/ActiproSoftware.Text.Addons.DotNet.Wpf.dll",
        "lib/net461/ActiproSoftware.Text.LLParser.Wpf.dll",
        "lib/net461/ActiproSoftware.Text.Wpf.dll",
        "lib/net461/ActiproSoftware.Wizard.Wpf.dll",
        "lib/net461/UiPath.OrchestratorClient.dll",
        "lib/net461/UiPath.System.Activities.Design.dll",
        "lib/net461/UiPath.System.Activities.dll",
        "lib/net461/fr/UiPath.System.Activities.Design.resources.dll",
        "lib/net461/fr/UiPath.System.Activities.resources.dll",
        "lib/net461/ja/UiPath.System.Activities.Design.resources.dll",
        "lib/net461/ja/UiPath.System.Activities.resources.dll",
        "lib/net461/ru/UiPath.System.Activities.Design.resources.dll",
        "lib/net461/ru/UiPath.System.Activities.resources.dll",
        "uipath.system.activities.18.4.2.nupkg.sha512",
        "uipath.system.activities.nuspec"
      ]
    },
    "UiPath.UIAutomation.Activities/18.4.3": {
      "sha512": "uM6KCbJzxv/OcUbOfyYVqJqQ9f5naEW8TT/2MO3+zpFAyRUhNhkUSyJysQNkuEJtT+RFxanKUVGwa0RYsswoxA==",
      "type": "package",
      "path": "uipath.uiautomation.activities/18.4.3",
      "files": [
        "build/ActiproSoftware.Docking.Wpf.dll",
        "build/ActiproSoftware.Editors.Wpf.dll",
        "build/ActiproSoftware.Ribbon.Wpf.dll",
        "build/ActiproSoftware.Shared.Wpf.dll",
        "build/ActiproSoftware.SyntaxEditor.Addons.DotNet.Wpf.dll",
        "build/ActiproSoftware.SyntaxEditor.Wpf.dll",
        "build/ActiproSoftware.Text.Addons.DotNet.Wpf.dll",
        "build/ActiproSoftware.Text.LLParser.Wpf.dll",
        "build/ActiproSoftware.Text.Wpf.dll",
        "build/ActiproSoftware.Wizard.Wpf.dll",
        "build/Caliburn.Micro.Platform.Core.dll",
        "build/Caliburn.Micro.Platform.dll",
        "build/Caliburn.Micro.dll",
        "build/ICSharpCode.AvalonEdit.dll",
        "build/System.Windows.Interactivity.dll",
        "build/UiExplorer.exe",
        "build/UiExplorer.exe.config",
        "build/UiPath.Activities.Contracts.dll",
        "build/UiPath.UiAutomation.Activities.dll",
        "build/fr/UiExplorer.resources.dll",
        "build/fr/UiPath.UiAutomation.Activities.resources.dll",
        "build/ja/UiExplorer.resources.dll",
        "build/ja/UiPath.UiAutomation.Activities.resources.dll",
        "build/ru/UiExplorer.resources.dll",
        "build/ru/UiPath.UiAutomation.Activities.resources.dll",
        "lib/net461/ActiproSoftware.Docking.Wpf.dll",
        "lib/net461/ActiproSoftware.Editors.Wpf.dll",
        "lib/net461/ActiproSoftware.Ribbon.Wpf.dll",
        "lib/net461/ActiproSoftware.Shared.Wpf.dll",
        "lib/net461/ActiproSoftware.SyntaxEditor.Addons.DotNet.Wpf.dll",
        "lib/net461/ActiproSoftware.SyntaxEditor.Wpf.dll",
        "lib/net461/ActiproSoftware.Text.Addons.DotNet.Wpf.dll",
        "lib/net461/ActiproSoftware.Text.LLParser.Wpf.dll",
        "lib/net461/ActiproSoftware.Text.Wpf.dll",
        "lib/net461/ActiproSoftware.Wizard.Wpf.dll",
        "lib/net461/UiPath.UIAutomation.Activities.Design.dll",
        "lib/net461/UiPath.UiAutomation.Activities.dll",
        "lib/net461/UiPath.Wizards.dll",
        "lib/net461/fr/UiPath.UIAutomation.Activities.Design.resources.dll",
        "lib/net461/fr/UiPath.UiAutomation.Activities.resources.dll",
        "lib/net461/fr/UiPath.Wizards.resources.dll",
        "lib/net461/ja/UiPath.UIAutomation.Activities.Design.resources.dll",
        "lib/net461/ja/UiPath.UiAutomation.Activities.resources.dll",
        "lib/net461/ja/UiPath.Wizards.resources.dll",
        "lib/net461/ru/UiPath.UIAutomation.Activities.Design.resources.dll",
        "lib/net461/ru/UiPath.UiAutomation.Activities.resources.dll",
        "lib/net461/ru/UiPath.Wizards.resources.dll",
        "uipath.uiautomation.activities.18.4.3.nupkg.sha512",
        "uipath.uiautomation.activities.nuspec"
      ]
    },
    "UiPath.Vision/1.6.0": {
      "sha512": "xhccT7CoapdROO0tXzfuksyMg9pCQKU/3Xq4xU7S55zPITAiMWbW9f55qDITZY4QYvhM9k9hGNdu2Ivl3ppJ8A==",
      "type": "package",
      "path": "uipath.vision/1.6.0",
      "files": [
        ".signature.p7s",
        "build/AForge.Imaging.dll",
        "build/AForge.Math.dll",
        "build/AForge.dll",
        "build/AbbyyOnlineSdk.dll",
        "build/BouncyCastle.Crypto.dll",
        "build/Emgu.CV.World.dll",
        "build/Google.Api.CommonProtos.dll",
        "build/Google.Api.Gax.Grpc.dll",
        "build/Google.Api.Gax.dll",
        "build/Google.Apis.Auth.PlatformServices.dll",
        "build/Google.Apis.Auth.dll",
        "build/Google.Apis.Core.dll",
        "build/Google.Apis.PlatformServices.dll",
        "build/Google.Apis.dll",
        "build/Google.Cloud.Vision.V1.dll",
        "build/Google.LongRunning.dll",
        "build/Google.Protobuf.dll",
        "build/Grpc.Auth.dll",
        "build/Grpc.Core.dll",
        "build/Microsoft.Azure.CognitiveServices.Vision.ComputerVision.dll",
        "build/Microsoft.ProjectOxford.Vision.dll",
        "build/Microsoft.Rest.ClientRuntime.Azure.dll",
        "build/Microsoft.Rest.ClientRuntime.dll",
        "build/NLog.dll",
        "build/Newtonsoft.Json.dll",
        "build/System.Collections.Immutable.dll",
        "build/System.Interactive.Async.dll",
        "build/System.ValueTuple.dll",
        "build/UiPath.OCR.Contracts.dll",
        "build/UiPath.Vision.AbbyyCloud.dll",
        "build/UiPath.Vision.AbbyyFRE11.dll",
        "build/UiPath.Vision.AbbyyFRE12.dll",
        "build/UiPath.Vision.AbbyyFRECommon.dll",
        "build/UiPath.Vision.AzureComputerVision.dll",
        "build/UiPath.Vision.Core.dll",
        "build/UiPath.Vision.GoogleCloud.dll",
        "build/UiPath.Vision.Host32.exe",
        "build/UiPath.Vision.Host32.exe.config",
        "build/UiPath.Vision.Microsoft.dll",
        "build/UiPath.Vision.MicrosoftCloud.dll",
        "build/UiPath.Vision.Tesseract.dll",
        "build/UiPath.Vision.dll",
        "build/ZedGraph.dll",
        "build/Zlib.Portable.dll",
        "build/grpc_csharp_ext.x64.dll",
        "build/grpc_csharp_ext.x86.dll",
        "build/nlog.config",
        "build/tessdata/eng.traineddata",
        "build/x86/concrt140.dll",
        "build/x86/cvextern.dll",
        "build/x86/msvcp140.dll",
        "build/x86/opencv_ffmpeg341.dll",
        "build/x86/tbb.dll",
        "build/x86/vcruntime140.dll",
        "lib/net452/UiPath.Vision.AbbyyCloud.dll",
        "lib/net452/UiPath.Vision.AbbyyFRE11.dll",
        "lib/net452/UiPath.Vision.AbbyyFRE12.dll",
        "lib/net452/UiPath.Vision.AbbyyFRECommon.dll",
        "lib/net452/UiPath.Vision.AzureComputerVision.dll",
        "lib/net452/UiPath.Vision.Core.dll",
        "lib/net452/UiPath.Vision.GoogleCloud.dll",
        "lib/net452/UiPath.Vision.Host32.exe",
        "lib/net452/UiPath.Vision.Microsoft.dll",
        "lib/net452/UiPath.Vision.MicrosoftCloud.dll",
        "lib/net452/UiPath.Vision.Tesseract.dll",
        "lib/net452/UiPath.Vision.dll",
        "uipath.vision.1.6.0.nupkg.sha512",
        "uipath.vision.nuspec"
      ]
    },
    "UiPathTeam.PDF.Extensions.Activities/2.3.0": {
      "sha512": "BjpqZj2UOir/h6qdfv/5iePo4sX1eT+rE3HpeMMzsKoitmWHOECVAM3MCR5jBWWldCyxnGOD5mKdyujhgM+4xQ==",
      "type": "package",
      "path": "uipathteam.pdf.extensions.activities/2.3.0",
      "files": [
        "lib/UiPathTeam.PDF.Extensions.Activities.dll",
        "uipathteam.pdf.extensions.activities.2.3.0.nupkg.sha512",
        "uipathteam.pdf.extensions.activities.nuspec"
      ]
    }
  },
  "projectFileDependencyGroups": {
    "": [],
    ".NETFramework,Version=v4.6.1": [
      "BalaReva.PDF.Activities >= 2019.1.0 <= 2019.1.0",
      "ComponentPro.ExcelToPdf >= 7.0.226.143 <= 7.0.226.143",
      "EvoPdf.ExcelToPdf >= 7.1.0 <= 7.1.0",
      "ExceltoPDFConversionActivities >= 1.1.6 <= 1.1.6",
      "PDF_Activities >= 1.0.2 <= 1.0.2",
      "UiPath.Database.Activities >= 1.2.6863.32528 <= 1.2.6863.32528",
      "UiPath.Excel.Activities >= 2.6.1 <= 2.6.1",
      "UiPath.IntelligentOCR.Activities >= 2.1.0 <= 2.1.0",
      "UiPath.Mail.Activities >= 1.3.0 <= 1.3.0",
      "UiPath.PDF.Activities >= 2.0.0 <= 2.0.0",
      "UiPath.System.Activities >= 18.4.2 <= 18.4.2",
      "UiPath.UIAutomation.Activities >= 18.4.3 <= 18.4.3",
      "UiPathTeam.PDF.Extensions.Activities >= 2.3.0 <= 2.3.0",
      "sautinsoft.exceltopdf >= 5.1.5.22 <= 5.1.5.22"
    ]
  },
  "packageFolders": {
    "C:\\Users\\M1034022\\.nuget\\packages\\": {}
  },
  "project": {
    "restore": {
      "projectUniqueName": "AutomationIncredible",
      "projectName": "AutomationIncredible",
      "projectPath": "C:\\Users\\M1034022\\Documents\\Automation_Incredible\\.local",
      "packagesPath": "C:\\Users\\M1034022\\.nuget\\packages\\",
      "outputPath": "C:\\Users\\M1034022\\Documents\\Automation_Incredible\\.local"
    },
    "frameworks": {
      "net461": {
        "dependencies": {
          "BalaReva.PDF.Activities": {
            "include": "Runtime",
            "target": "Package",
            "version": "[2019.1.0, 2019.1.0]"
          },
          "ComponentPro.ExcelToPdf": {
            "include": "Runtime",
            "target": "Package",
            "version": "[7.0.226.143, 7.0.226.143]"
          },
          "EvoPdf.ExcelToPdf": {
            "include": "Runtime",
            "target": "Package",
            "version": "[7.1.0, 7.1.0]"
          },
          "ExceltoPDFConversionActivities": {
            "include": "Runtime",
            "target": "Package",
            "version": "[1.1.6, 1.1.6]"
          },
          "PDF_Activities": {
            "include": "Runtime",
            "target": "Package",
            "version": "[1.0.2, 1.0.2]"
          },
          "UiPath.Database.Activities": {
            "include": "Runtime",
            "target": "Package",
            "version": "[1.2.6863.32528, 1.2.6863.32528]"
          },
          "UiPath.Excel.Activities": {
            "include": "Runtime",
            "target": "Package",
            "version": "[2.6.1, 2.6.1]"
          },
          "UiPath.IntelligentOCR.Activities": {
            "include": "Runtime",
            "target": "Package",
            "version": "[2.1.0, 2.1.0]"
          },
          "UiPath.Mail.Activities": {
            "include": "Runtime",
            "target": "Package",
            "version": "[1.3.0, 1.3.0]"
          },
          "UiPath.PDF.Activities": {
            "include": "Runtime",
            "target": "Package",
            "version": "[2.0.0, 2.0.0]"
          },
          "UiPath.System.Activities": {
            "include": "Runtime",
            "target": "Package",
            "version": "[18.4.2, 18.4.2]"
          },
          "UiPath.UIAutomation.Activities": {
            "include": "Runtime",
            "target": "Package",
            "version": "[18.4.3, 18.4.3]"
          },
          "UiPathTeam.PDF.Extensions.Activities": {
            "include": "Runtime",
            "target": "Package",
            "version": "[2.3.0, 2.3.0]"
          },
          "sautinsoft.exceltopdf": {
            "include": "Runtime",
            "target": "Package",
            "version": "[5.1.5.22, 5.1.5.22]"
          }
        }
      }
    }
  }
}