{"Packages":[{"Package":{"Id":"UiPath.UIAutomation.Activities","Version":"18.4.3"},"Assemblies":["C:\\Users\\M1034022\\.nuget\\packages\\avalonedit/5.0.3\\lib/Net40/ICSharpCode.AvalonEdit.dll","C:\\Users\\M1034022\\.nuget\\packages\\caliburn.micro/3.0.1\\lib/net45/Caliburn.Micro.Platform.Core.dll","C:\\Users\\M1034022\\.nuget\\packages\\caliburn.micro/3.0.1\\lib/net45/Caliburn.Micro.Platform.dll","C:\\Users\\M1034022\\.nuget\\packages\\caliburn.micro/3.0.1\\lib/net45/System.Windows.Interactivity.dll","C:\\Users\\M1034022\\.nuget\\packages\\caliburn.micro.core/3.0.1\\lib/net45/Caliburn.Micro.dll","C:\\Users\\M1034022\\.nuget\\packages\\extended.wpf.toolkit/2.8.0\\lib/net40/Xceed.Wpf.AvalonDock.Themes.Aero.dll","C:\\Users\\M1034022\\.nuget\\packages\\extended.wpf.toolkit/2.8.0\\lib/net40/Xceed.Wpf.AvalonDock.Themes.Metro.dll","C:\\Users\\M1034022\\.nuget\\packages\\extended.wpf.toolkit/2.8.0\\lib/net40/Xceed.Wpf.AvalonDock.Themes.VS2010.dll","C:\\Users\\M1034022\\.nuget\\packages\\extended.wpf.toolkit/2.8.0\\lib/net40/Xceed.Wpf.AvalonDock.dll","C:\\Users\\M1034022\\.nuget\\packages\\extended.wpf.toolkit/2.8.0\\lib/net40/Xceed.Wpf.DataGrid.dll","C:\\Users\\M1034022\\.nuget\\packages\\extended.wpf.toolkit/2.8.0\\lib/net40/Xceed.Wpf.Toolkit.dll","C:\\Users\\M1034022\\.nuget\\packages\\humanizer.core/2.4.2\\lib/netstandard2.0/Humanizer.dll","C:\\Users\\M1034022\\.nuget\\packages\\uipath/10.0.6929.25268\\lib/UiPath.Interop.dll","C:\\Users\\M1034022\\.nuget\\packages\\uipath.uiautomation.activities/18.4.3\\lib/net461/ActiproSoftware.Docking.Wpf.dll","C:\\Users\\M1034022\\.nuget\\packages\\uipath.uiautomation.activities/18.4.3\\lib/net461/ActiproSoftware.Editors.Wpf.dll","C:\\Users\\M1034022\\.nuget\\packages\\uipath.uiautomation.activities/18.4.3\\lib/net461/ActiproSoftware.Ribbon.Wpf.dll","C:\\Users\\M1034022\\.nuget\\packages\\uipath.uiautomation.activities/18.4.3\\lib/net461/ActiproSoftware.Shared.Wpf.dll","C:\\Users\\M1034022\\.nuget\\packages\\uipath.uiautomation.activities/18.4.3\\lib/net461/ActiproSoftware.SyntaxEditor.Addons.DotNet.Wpf.dll","C:\\Users\\M1034022\\.nuget\\packages\\uipath.uiautomation.activities/18.4.3\\lib/net461/ActiproSoftware.SyntaxEditor.Wpf.dll","C:\\Users\\M1034022\\.nuget\\packages\\uipath.uiautomation.activities/18.4.3\\lib/net461/ActiproSoftware.Text.Addons.DotNet.Wpf.dll","C:\\Users\\M1034022\\.nuget\\packages\\uipath.uiautomation.activities/18.4.3\\lib/net461/ActiproSoftware.Text.LLParser.Wpf.dll","C:\\Users\\M1034022\\.nuget\\packages\\uipath.uiautomation.activities/18.4.3\\lib/net461/ActiproSoftware.Text.Wpf.dll","C:\\Users\\M1034022\\.nuget\\packages\\uipath.uiautomation.activities/18.4.3\\lib/net461/ActiproSoftware.Wizard.Wpf.dll","C:\\Users\\M1034022\\.nuget\\packages\\uipath.uiautomation.activities/18.4.3\\lib/net461/UiPath.UIAutomation.Activities.Design.dll","C:\\Users\\M1034022\\.nuget\\packages\\uipath.uiautomation.activities/18.4.3\\lib/net461/UiPath.UiAutomation.Activities.dll","C:\\Users\\M1034022\\.nuget\\packages\\uipath.uiautomation.activities/18.4.3\\lib/net461/UiPath.Wizards.dll","C:\\Users\\M1034022\\.nuget\\packages\\uipath.vision/1.6.0\\lib/net452/UiPath.Vision.AbbyyCloud.dll","C:\\Users\\M1034022\\.nuget\\packages\\uipath.vision/1.6.0\\lib/net452/UiPath.Vision.AbbyyFRE11.dll","C:\\Users\\M1034022\\.nuget\\packages\\uipath.vision/1.6.0\\lib/net452/UiPath.Vision.AbbyyFRE12.dll","C:\\Users\\M1034022\\.nuget\\packages\\uipath.vision/1.6.0\\lib/net452/UiPath.Vision.AbbyyFRECommon.dll","C:\\Users\\M1034022\\.nuget\\packages\\uipath.vision/1.6.0\\lib/net452/UiPath.Vision.AzureComputerVision.dll","C:\\Users\\M1034022\\.nuget\\packages\\uipath.vision/1.6.0\\lib/net452/UiPath.Vision.Core.dll","C:\\Users\\M1034022\\.nuget\\packages\\uipath.vision/1.6.0\\lib/net452/UiPath.Vision.GoogleCloud.dll","C:\\Users\\M1034022\\.nuget\\packages\\uipath.vision/1.6.0\\lib/net452/UiPath.Vision.Microsoft.dll","C:\\Users\\M1034022\\.nuget\\packages\\uipath.vision/1.6.0\\lib/net452/UiPath.Vision.MicrosoftCloud.dll","C:\\Users\\M1034022\\.nuget\\packages\\uipath.vision/1.6.0\\lib/net452/UiPath.Vision.Tesseract.dll","C:\\Users\\M1034022\\.nuget\\packages\\uipath.vision/1.6.0\\lib/net452/UiPath.Vision.dll"]},{"Package":{"Id":"UiPath.System.Activities","Version":"18.4.2"},"Assemblies":["C:\\Users\\M1034022\\.nuget\\packages\\csvhelper/2.13.5\\lib/net40-client/CsvHelper.dll","C:\\Users\\M1034022\\.nuget\\packages\\microsoft.rest.clientruntime/2.3.10\\lib/net452/Microsoft.Rest.ClientRuntime.dll","C:\\Users\\M1034022\\.nuget\\packages\\newtonsoft.json/11.0.2\\lib/net45/Newtonsoft.Json.dll","C:\\Users\\M1034022\\.nuget\\packages\\uipath.system.activities/18.4.2\\lib/net461/ActiproSoftware.Docking.Wpf.dll","C:\\Users\\M1034022\\.nuget\\packages\\uipath.system.activities/18.4.2\\lib/net461/ActiproSoftware.Ribbon.Wpf.dll","C:\\Users\\M1034022\\.nuget\\packages\\uipath.system.activities/18.4.2\\lib/net461/ActiproSoftware.Shared.Wpf.dll","C:\\Users\\M1034022\\.nuget\\packages\\uipath.system.activities/18.4.2\\lib/net461/ActiproSoftware.SyntaxEditor.Addons.DotNet.Wpf.dll","C:\\Users\\M1034022\\.nuget\\packages\\uipath.system.activities/18.4.2\\lib/net461/ActiproSoftware.SyntaxEditor.Wpf.dll","C:\\Users\\M1034022\\.nuget\\packages\\uipath.system.activities/18.4.2\\lib/net461/ActiproSoftware.Text.Addons.DotNet.Wpf.dll","C:\\Users\\M1034022\\.nuget\\packages\\uipath.system.activities/18.4.2\\lib/net461/ActiproSoftware.Text.LLParser.Wpf.dll","C:\\Users\\M1034022\\.nuget\\packages\\uipath.system.activities/18.4.2\\lib/net461/ActiproSoftware.Text.Wpf.dll","C:\\Users\\M1034022\\.nuget\\packages\\uipath.system.activities/18.4.2\\lib/net461/ActiproSoftware.Wizard.Wpf.dll","C:\\Users\\M1034022\\.nuget\\packages\\uipath.system.activities/18.4.2\\lib/net461/UiPath.OrchestratorClient.dll","C:\\Users\\M1034022\\.nuget\\packages\\uipath.system.activities/18.4.2\\lib/net461/UiPath.System.Activities.Design.dll","C:\\Users\\M1034022\\.nuget\\packages\\uipath.system.activities/18.4.2\\lib/net461/UiPath.System.Activities.dll"]},{"Package":{"Id":"UiPath.Mail.Activities","Version":"1.3.0"},"Assemblies":["C:\\Users\\M1034022\\.nuget\\packages\\bouncycastle/1.8.1\\lib/BouncyCastle.Crypto.dll","C:\\Users\\M1034022\\.nuget\\packages\\microsoft.exchange.webservices/2.2.0\\lib/40/Microsoft.Exchange.WebServices.Auth.dll","C:\\Users\\M1034022\\.nuget\\packages\\microsoft.exchange.webservices/2.2.0\\lib/40/Microsoft.Exchange.WebServices.dll","C:\\Users\\M1034022\\.nuget\\packages\\uipath.mail.activities/1.3.0\\lib/net452/MailKit.dll","C:\\Users\\M1034022\\.nuget\\packages\\uipath.mail.activities/1.3.0\\lib/net452/MimeKit.dll","C:\\Users\\M1034022\\.nuget\\packages\\uipath.mail.activities/1.3.0\\lib/net452/UiPath.Mail.Activities.Design.dll","C:\\Users\\M1034022\\.nuget\\packages\\uipath.mail.activities/1.3.0\\lib/net452/UiPath.Mail.Activities.dll","C:\\Users\\M1034022\\.nuget\\packages\\uipath.mail.activities/1.3.0\\lib/net452/UiPath.Mail.dll"]},{"Package":{"Id":"UiPath.Database.Activities","Version":"1.2.6863.32528"},"Assemblies":["C:\\Users\\M1034022\\.nuget\\packages\\uipath.database.activities/1.2.6863.32528\\lib/net40-Client/Microsoft.Data.ConnectionUI.Dialog.dll","C:\\Users\\M1034022\\.nuget\\packages\\uipath.database.activities/1.2.6863.32528\\lib/net40-Client/UiPath.Database.Activities.Design.dll","C:\\Users\\M1034022\\.nuget\\packages\\uipath.database.activities/1.2.6863.32528\\lib/net40-Client/UiPath.Database.Activities.dll","C:\\Users\\M1034022\\.nuget\\packages\\uipath.database.activities/1.2.6863.32528\\lib/net40-Client/UiPath.Database.dll"]},{"Package":{"Id":"UiPath.Excel.Activities","Version":"2.6.1"},"Assemblies":["C:\\Users\\M1034022\\.nuget\\packages\\closedxml/0.87.1\\lib/net40/ClosedXML.dll","C:\\Users\\M1034022\\.nuget\\packages\\csvhelper/2.13.5\\lib/net40-client/CsvHelper.dll","C:\\Users\\M1034022\\.nuget\\packages\\documentformat.openxml/2.5.0\\lib/DocumentFormat.OpenXml.dll","C:\\Users\\M1034022\\.nuget\\packages\\microsoft.visualstudio.ole.interop/7.10.6071\\lib/Microsoft.VisualStudio.OLE.Interop.dll","C:\\Users\\M1034022\\.nuget\\packages\\npoi/2.4.1\\lib/net45/NPOI.OOXML.dll","C:\\Users\\M1034022\\.nuget\\packages\\npoi/2.4.1\\lib/net45/NPOI.OpenXml4Net.dll","C:\\Users\\M1034022\\.nuget\\packages\\npoi/2.4.1\\lib/net45/NPOI.OpenXmlFormats.dll","C:\\Users\\M1034022\\.nuget\\packages\\npoi/2.4.1\\lib/net45/NPOI.dll","C:\\Users\\M1034022\\.nuget\\packages\\sharpziplib/1.0.0\\lib/net45/ICSharpCode.SharpZipLib.dll","C:\\Users\\M1034022\\.nuget\\packages\\uipath.excel.activities/2.6.1\\lib/net461/UiPath.Excel.Activities.Design.dll","C:\\Users\\M1034022\\.nuget\\packages\\uipath.excel.activities/2.6.1\\lib/net461/UiPath.Excel.Activities.dll","C:\\Users\\M1034022\\.nuget\\packages\\uipath.excel.activities/2.6.1\\lib/net461/UiPath.Excel.dll"]},{"Package":{"Id":"UiPath.PDF.Activities","Version":"2.0.0"},"Assemblies":["C:\\Users\\M1034022\\.nuget\\packages\\bitmiracle.docotic.pdf/5.2.8369\\lib/net40/BitMiracle.Docotic.Pdf.dll","C:\\Users\\M1034022\\.nuget\\packages\\system.valuetuple/4.5.0\\lib/net461/System.ValueTuple.dll","C:\\Users\\M1034022\\.nuget\\packages\\uipath.pdf.activities/2.0.0\\lib/net461/UiPath.PDF.Activities.Design.dll","C:\\Users\\M1034022\\.nuget\\packages\\uipath.pdf.activities/2.0.0\\lib/net461/UiPath.PDF.Activities.dll","C:\\Users\\M1034022\\.nuget\\packages\\uipath.pdf.activities/2.0.0\\lib/net461/UiPath.PDF.dll"]},{"Package":{"Id":"PDF_Activities","Version":"1.0.2"},"Assemblies":["C:\\Users\\M1034022\\.nuget\\packages\\itextsharp/5.5.13\\lib/itextsharp.dll","C:\\Users\\M1034022\\.nuget\\packages\\pdf_activities/1.0.2\\lib/pdfLibrary.dll"]},{"Package":{"Id":"UiPath.IntelligentOCR.Activities","Version":"2.1.0"},"Assemblies":["C:\\Users\\M1034022\\.nuget\\packages\\aforge/2.2.5\\lib/AForge.dll","C:\\Users\\M1034022\\.nuget\\packages\\aforge.genetic/2.2.5\\lib/AForge.Genetic.dll","C:\\Users\\M1034022\\.nuget\\packages\\aforge.imaging/2.2.5\\lib/AForge.Imaging.dll","C:\\Users\\M1034022\\.nuget\\packages\\aforge.math/2.2.5\\lib/AForge.Math.dll","C:\\Users\\M1034022\\.nuget\\packages\\aforge.neuro/2.2.5\\lib/AForge.Neuro.dll","C:\\Users\\M1034022\\.nuget\\packages\\bitmiracle.docotic.pdf/5.2.8369\\lib/net40/BitMiracle.Docotic.Pdf.dll","C:\\Users\\M1034022\\.nuget\\packages\\csvhelper/2.13.5\\lib/net40-client/CsvHelper.dll","C:\\Users\\M1034022\\.nuget\\packages\\fsharp.core/4.0.0.1\\lib/net40/FSharp.Core.dll","C:\\Users\\M1034022\\.nuget\\packages\\ivanakcheurov.ntextcat.lib/0.2.1.1\\lib/net40/IvanAkcheurov.Commons.dll","C:\\Users\\M1034022\\.nuget\\packages\\ivanakcheurov.ntextcat.lib/0.2.1.1\\lib/net40/IvanAkcheurov.NClassify.dll","C:\\Users\\M1034022\\.nuget\\packages\\ivanakcheurov.ntextcat.lib/0.2.1.1\\lib/net40/IvanAkcheurov.NTextCat.Lib.dll","C:\\Users\\M1034022\\.nuget\\packages\\mathnet.numerics/4.5.1\\lib/net461/MathNet.Numerics.dll","C:\\Users\\M1034022\\.nuget\\packages\\metrics.net/0.5.5\\lib/net45/Metrics.dll","C:\\Users\\M1034022\\.nuget\\packages\\microsoft.xaml.behaviors.wpf/1.0.1\\lib/net45/Microsoft.Xaml.Behaviors.dll","C:\\Users\\M1034022\\.nuget\\packages\\newtonsoft.json/11.0.2\\lib/net45/Newtonsoft.Json.dll","C:\\Users\\M1034022\\.nuget\\packages\\numsense/0.12.0\\lib/net45/Ploeh.Numsense.dll","C:\\Users\\M1034022\\.nuget\\packages\\system.collections.immutable/1.5.0\\lib/netstandard2.0/System.Collections.Immutable.dll","C:\\Users\\M1034022\\.nuget\\packages\\system.runtime.interopservices.runtimeinformation/4.3.0\\lib/net45/System.Runtime.InteropServices.RuntimeInformation.dll","C:\\Users\\M1034022\\.nuget\\packages\\system.valuetuple/4.5.0\\lib/net461/System.ValueTuple.dll","C:\\Users\\M1034022\\.nuget\\packages\\uipath.cefsharpbundle/1.0.1\\lib/net452/CefSharp.BrowserSubprocess.Core.dll","C:\\Users\\M1034022\\.nuget\\packages\\uipath.cefsharpbundle/1.0.1\\lib/net452/CefSharp.Core.dll","C:\\Users\\M1034022\\.nuget\\packages\\uipath.cefsharpbundle/1.0.1\\lib/net452/CefSharp.Wpf.dll","C:\\Users\\M1034022\\.nuget\\packages\\uipath.cefsharpbundle/1.0.1\\lib/net452/CefSharp.dll","C:\\Users\\M1034022\\.nuget\\packages\\uipath.cefsharpbundle/1.0.1\\lib/net452/UiPath.CEFSharpBundle.dll","C:\\Users\\M1034022\\.nuget\\packages\\uipath.cefsharpbundle/1.0.1\\lib/net452/chrome_elf.dll","C:\\Users\\M1034022\\.nuget\\packages\\uipath.cefsharpbundle/1.0.1\\lib/net452/d3dcompiler_47.dll","C:\\Users\\M1034022\\.nuget\\packages\\uipath.cefsharpbundle/1.0.1\\lib/net452/libEGL.dll","C:\\Users\\M1034022\\.nuget\\packages\\uipath.cefsharpbundle/1.0.1\\lib/net452/libGLESv2.dll","C:\\Users\\M1034022\\.nuget\\packages\\uipath.cefsharpbundle/1.0.1\\lib/net452/libcef.dll","C:\\Users\\M1034022\\.nuget\\packages\\uipath.cefsharpbundle/1.0.1\\lib/net452/msvcp140.dll","C:\\Users\\M1034022\\.nuget\\packages\\uipath.cefsharpbundle/1.0.1\\lib/net452/swiftshader/libEGL.dll","C:\\Users\\M1034022\\.nuget\\packages\\uipath.cefsharpbundle/1.0.1\\lib/net452/swiftshader/libGLESv2.dll","C:\\Users\\M1034022\\.nuget\\packages\\uipath.cefsharpbundle/1.0.1\\lib/net452/vcruntime140.dll","C:\\Users\\M1034022\\.nuget\\packages\\uipath.documentprocessing.contracts/1.1.0\\lib/net461/UiPath.DocumentProcessing.Contracts.dll","C:\\Users\\M1034022\\.nuget\\packages\\uipath.intelligentocr.activities/2.1.0\\lib/net461/FCEngine.VisualComponents.dll","C:\\Users\\M1034022\\.nuget\\packages\\uipath.intelligentocr.activities/2.1.0\\lib/net461/Interop.FCEngine.dll","C:\\Users\\M1034022\\.nuget\\packages\\uipath.intelligentocr.activities/2.1.0\\lib/net461/UiPath.IntelligentOCR.Activities.Design.dll","C:\\Users\\M1034022\\.nuget\\packages\\uipath.intelligentocr.activities/2.1.0\\lib/net461/UiPath.IntelligentOCR.Activities.dll","C:\\Users\\M1034022\\.nuget\\packages\\uipath.intelligentocr.activities/2.1.0\\lib/net461/UiPath.IntelligentOCR.dll","C:\\Users\\M1034022\\.nuget\\packages\\uipath.intelligentocr.activities/2.1.0\\lib/net461/UiPath.SmartData.Data.dll","C:\\Users\\M1034022\\.nuget\\packages\\uipath.intelligentocr.activities/2.1.0\\lib/net461/UiPath.SmartData.Digitization.dll","C:\\Users\\M1034022\\.nuget\\packages\\uipath.intelligentocr.activities/2.1.0\\lib/net461/UiPath.SmartData.DocumentClassification.dll","C:\\Users\\M1034022\\.nuget\\packages\\uipath.intelligentocr.activities/2.1.0\\lib/net461/UiPath.SmartData.FixedForms.TemplateManager.VSIntegration.dll","C:\\Users\\M1034022\\.nuget\\packages\\uipath.intelligentocr.activities/2.1.0\\lib/net461/UiPath.SmartData.FixedForms.dll","C:\\Users\\M1034022\\.nuget\\packages\\uipath.intelligentocr.activities/2.1.0\\lib/net461/UiPath.SmartData.Host.Local.Infrastructure.dll","C:\\Users\\M1034022\\.nuget\\packages\\uipath.intelligentocr.activities/2.1.0\\lib/net461/UiPath.SmartData.ImageProcessing.dll","C:\\Users\\M1034022\\.nuget\\packages\\uipath.intelligentocr.activities/2.1.0\\lib/net461/UiPath.SmartData.Language.dll","C:\\Users\\M1034022\\.nuget\\packages\\uipath.intelligentocr.activities/2.1.0\\lib/net461/UiPath.SmartData.Localization.dll","C:\\Users\\M1034022\\.nuget\\packages\\uipath.intelligentocr.activities/2.1.0\\lib/net461/UiPath.SmartData.OCR.dll","C:\\Users\\M1034022\\.nuget\\packages\\uipath.intelligentocr.activities/2.1.0\\lib/net461/UiPath.SmartData.OutOfProcessUi.Common.dll","C:\\Users\\M1034022\\.nuget\\packages\\uipath.intelligentocr.activities/2.1.0\\lib/net461/UiPath.SmartData.PDF.dll","C:\\Users\\M1034022\\.nuget\\packages\\uipath.intelligentocr.activities/2.1.0\\lib/net461/UiPath.SmartData.TableProcessing.dll","C:\\Users\\M1034022\\.nuget\\packages\\uipath.intelligentocr.activities/2.1.0\\lib/net461/UiPath.SmartData.TaxonomyManager.Host.Local.dll","C:\\Users\\M1034022\\.nuget\\packages\\uipath.intelligentocr.activities/2.1.0\\lib/net461/UiPath.SmartData.TaxonomyManager.Storage.dll","C:\\Users\\M1034022\\.nuget\\packages\\uipath.intelligentocr.activities/2.1.0\\lib/net461/UiPath.SmartData.TaxonomyManager.dll","C:\\Users\\M1034022\\.nuget\\packages\\uipath.intelligentocr.activities/2.1.0\\lib/net461/UiPath.SmartData.Utils.dll","C:\\Users\\M1034022\\.nuget\\packages\\uipath.intelligentocr.activities/2.1.0\\lib/net461/UiPath.SmartData.ValidationStation.Host.Local.dll","C:\\Users\\M1034022\\.nuget\\packages\\uipath.intelligentocr.activities/2.1.0\\lib/net461/UiPath.SmartData.ValidationStation.PDF.Optimization.dll","C:\\Users\\M1034022\\.nuget\\packages\\uipath.intelligentocr.activities/2.1.0\\lib/net461/UiPath.SmartData.ValidationStation.Storage.dll","C:\\Users\\M1034022\\.nuget\\packages\\uipath.intelligentocr.activities/2.1.0\\lib/net461/UiPath.SmartData.ValidationStation.ValueParsing.dll","C:\\Users\\M1034022\\.nuget\\packages\\uipath.intelligentocr.activities/2.1.0\\lib/net461/UiPath.SmartData.ValidationStation.dll","C:\\Users\\M1034022\\.nuget\\packages\\uipath.ocr.contracts/1.0.0\\lib/net45/UiPath.OCR.Contracts.dll","C:\\Users\\M1034022\\.nuget\\packages\\uipath.vision/1.6.0\\lib/net452/UiPath.Vision.AbbyyCloud.dll","C:\\Users\\M1034022\\.nuget\\packages\\uipath.vision/1.6.0\\lib/net452/UiPath.Vision.AbbyyFRE11.dll","C:\\Users\\M1034022\\.nuget\\packages\\uipath.vision/1.6.0\\lib/net452/UiPath.Vision.AbbyyFRE12.dll","C:\\Users\\M1034022\\.nuget\\packages\\uipath.vision/1.6.0\\lib/net452/UiPath.Vision.AbbyyFRECommon.dll","C:\\Users\\M1034022\\.nuget\\packages\\uipath.vision/1.6.0\\lib/net452/UiPath.Vision.AzureComputerVision.dll","C:\\Users\\M1034022\\.nuget\\packages\\uipath.vision/1.6.0\\lib/net452/UiPath.Vision.Core.dll","C:\\Users\\M1034022\\.nuget\\packages\\uipath.vision/1.6.0\\lib/net452/UiPath.Vision.GoogleCloud.dll","C:\\Users\\M1034022\\.nuget\\packages\\uipath.vision/1.6.0\\lib/net452/UiPath.Vision.Microsoft.dll","C:\\Users\\M1034022\\.nuget\\packages\\uipath.vision/1.6.0\\lib/net452/UiPath.Vision.MicrosoftCloud.dll","C:\\Users\\M1034022\\.nuget\\packages\\uipath.vision/1.6.0\\lib/net452/UiPath.Vision.Tesseract.dll","C:\\Users\\M1034022\\.nuget\\packages\\uipath.vision/1.6.0\\lib/net452/UiPath.Vision.dll"]},{"Package":{"Id":"UiPathTeam.PDF.Extensions.Activities","Version":"2.3.0"},"Assemblies":["C:\\Users\\M1034022\\.nuget\\packages\\pdfsharp/1.50.4845-rc2a\\lib/net20/PdfSharp.Charting.dll","C:\\Users\\M1034022\\.nuget\\packages\\pdfsharp/1.50.4845-rc2a\\lib/net20/PdfSharp.dll","C:\\Users\\M1034022\\.nuget\\packages\\uipathteam.pdf.extensions.activities/2.3.0\\lib/UiPathTeam.PDF.Extensions.Activities.dll"]},{"Package":{"Id":"BalaReva.PDF.Activities","Version":"[2019.1.0]"},"Assemblies":[]},{"Package":{"Id":"sautinsoft.exceltopdf","Version":"5.1.5.22"},"Assemblies":["C:\\Users\\M1034022\\.nuget\\packages\\sautinsoft.exceltopdf/5.1.5.22\\lib/net461/SautinSoft.ExcelToPdf.dll"]},{"Package":{"Id":"ComponentPro.ExcelToPdf","Version":"7.0.226.143"},"Assemblies":["C:\\Users\\M1034022\\.nuget\\packages\\componentpro.excel/7.0.226.143\\lib/net40/ComponentPro.Excel.dll","C:\\Users\\M1034022\\.nuget\\packages\\componentpro.exceltopdf/7.0.226.143\\lib/net40/ComponentPro.ExcelToPdf.dll","C:\\Users\\M1034022\\.nuget\\packages\\componentpro.pdf/7.0.226.143\\lib/net40/ComponentPro.Pdf.dll"]},{"Package":{"Id":"EvoPdf.ExcelToPdf","Version":"7.1.0"},"Assemblies":["C:\\Users\\M1034022\\.nuget\\packages\\evopdf.exceltopdf/7.1.0\\lib/net40/evoexceltopdf.dll"]},{"Package":{"Id":"ExceltoPDFConversionActivities","Version":"1.1.6"},"Assemblies":["C:\\Users\\M1034022\\.nuget\\packages\\exceltopdfconversionactivities/1.1.6\\lib/ExceltoPDFConversion.dll"]}],"Conflicts":[]}